LoanAmount_ApplicantIncome_Married_Factor,SemiurbanArea_UrbanArea_LoanAmount_Factor,RuralArea_UrbanArea_Education_Factor,Married_SemiurbanArea_ApplicantIncome_Factor,CoapplicantIncome_Education_CreditHistory_Factor,CreditHistory_SelfEmployed_LoanTerm_Factor,CoapplicantIncome_LoanTerm_SelfEmployed_Factor,SelfEmployed_LoanTerm_ApplicantIncome_Factor,Education_CreditHistory_LoanTerm_Factor,Dependents_Gender_Education_Factor,Married_Gender_Dependents_Factor,Loan_Default
-0.78704649,-0.948399104,-1.20256062,-1.330961057,0.17875682,0.240052246,-0.774039128,-0.031138924,-0.062352216,-0.612303993,-0.96135489,0
0.597362969,-0.544571415,1.616086801,0.045645288,0.801463754,0.266838981,-0.744044527,-0.032902439,0.616600451,0.338229455,0.183639591,1
-0.051093417,-1.067766157,-1.103192216,-0.403623568,-0.59098486,1.427441527,0.030567238,2.478201593,0.838735134,-0.73613206,0.605983936,0
-0.318175749,-1.823532725,-0.735292539,0.614173363,-0.017962581,0.007743694,-0.321915924,0.285847625,-1.688149755,-0.827921613,0.803372096,0
-0.698184125,-0.90218425,-1.210383982,-1.387338319,0.18645518,0.220477777,-0.765344421,-0.053288855,-0.108054419,-0.621767698,-0.947942426,0
2.302766619,-0.47264871,-1.327233936,-0.535533769,0.035701952,0.731681425,0.94885253,2.328220375,-0.21821985,0.618309944,-0.063045053,0
-0.528330908,-1.895386696,-0.707055424,0.697543909,-0.214909844,0.10370504,-0.517107357,0.307767794,-1.539601988,-0.823576688,0.786711101,0
1.003993824,0.982059322,-0.234894871,1.885257837,-0.596121142,-2.46831214,0.19001587,0.323384857,1.094205745,0.997091098,-0.757205356,1
1.029433576,-1.138014982,-1.302412932,0.227115491,0.392594339,-0.044039813,-0.920106293,0.384105047,0.002230259,0.893997937,-0.218059569,0
2.461323841,2.06722293,-0.688966925,0.196625941,2.486366861,-0.912204284,1.37677495,-0.376240673,-1.246519502,-0.246496386,0.10873961,1
0.341767254,-1.457559827,-1.233757733,0.609256915,0.143687786,0.161406862,-1.16611613,0.51810817,0.399982112,0.945168421,-0.310531782,0
0.583693958,-1.387540683,-1.262846726,0.542652004,0.459136891,0.021191181,-0.878187211,0.527272289,0.204309069,0.960226864,-0.281452079,0
1.48494066,-1.198315666,-1.413738985,0.345869594,1.876137822,-0.550245636,0.51419685,0.534043038,-0.563082539,1.001208011,-0.255323374,0
-0.861753816,-0.540115665,1.691235407,-0.927846333,1.224506536,0.251329811,0.062216992,-0.165967083,0.335375442,-0.314410061,-0.973916135,1
0.411765521,-2.411550219,-1.655212622,1.629509589,-0.499332826,1.557398936,0.715376291,-1.565480037,1.776296255,0.633143417,-0.372540623,0
-0.868784178,-0.994926703,-1.191123096,-1.263965109,0.212974136,0.242575515,-0.76014473,0.011440117,-0.033268022,-0.590692795,-0.963500744,0
-0.71660581,-2.01391295,-0.904134133,0.312356324,-1.310301865,0.835013835,0.436887776,-1.102639016,-1.207089584,-0.373266882,-1.157198754,0
-2.169230192,-0.898859136,-1.183006746,-1.803024266,-1.222340073,-2.028315058,0.512461485,-0.112105752,0.91409427,0.672852401,0.360724305,1
-0.04421786,-0.976098527,2.159748323,0.387161028,-0.319624704,0.351625096,-0.674937954,-0.271369461,-1.133940262,-0.764189091,0.868741682,1
-0.054232926,-1.348822789,-1.259512854,-0.073518792,1.205421006,0.000578403,-0.424024947,0.451295789,0.103228628,-0.457396191,0.537199045,0
-0.127466106,-1.818217928,-0.594510335,0.271830629,-1.835143122,-2.101311308,-0.238904488,0.165676987,-0.64249313,-1.344810815,0.867902872,1
1.874389367,-0.65691753,-1.442893415,-0.632150294,1.54220555,-0.496702626,0.089134098,0.164422632,-0.798273033,0.125532485,0.303958802,0
-0.690972385,0.405100702,0.358567536,1.834536908,-1.152636217,-2.273335607,0.524712677,0.092228952,-0.511840214,-1.490778394,0.700232186,1
0.626878194,-1.38429966,2.273003657,1.222153667,-1.339304482,-2.163755073,0.327127086,0.098411987,-0.284727771,0.373440303,0.058122566,1
0.221932651,1.226708026,-0.36343191,1.266458355,0.929549435,-0.073636162,-0.327785256,0.076222523,0.183654402,-0.072610653,-0.000388804,1
0.792558384,2.019855264,-0.302045077,-0.02601936,-0.680462052,1.241200111,0.276728737,1.722362333,0.490655748,-1.225469363,0.564402206,0
-0.433170321,1.134933136,-0.311524995,1.09422056,0.986664868,0.066729327,-0.428173396,0.084852463,0.36815536,-0.767815944,0.392946151,0
0.436315172,-1.80844008,-0.761706311,1.145047801,-0.767851601,0.014858756,-0.739491777,0.298739802,-1.63638407,0.557642601,-0.02509908,0
-1.894141326,-1.927256137,-0.60162281,0.015419758,-0.722462846,0.308305894,-0.436590859,0.13704215,-1.522898451,-0.820826089,-0.805165119,1
-1.437196119,1.792416082,-0.492693733,-0.029842924,0.005611159,-0.043839674,0.454511927,-0.481890217,-0.158003469,2.207502464,-0.672926574,0
0.94932366,-1.040363707,-1.33255486,-0.169075243,1.010544261,-0.170118008,-0.454750542,0.328108951,-0.222681449,0.184283917,0.211439578,1
-1.301761009,-1.225642011,-1.147160467,-0.968412109,0.232364563,0.316620479,-0.772346806,0.149958061,0.171565907,-0.526799421,-1.014810904,1
-0.024188384,-0.067068152,1.773222069,-1.224387777,-0.682027713,1.523776403,0.597267839,1.77168964,0.815433247,0.062078667,-1.287472474,1
-0.460919324,1.150120642,-0.306065395,1.063639853,0.823265085,0.121129377,-0.571824328,0.050889704,0.42206805,-0.788850864,0.390206695,0
2.285457734,0.462275573,1.421401157,-1.383595311,0.454657412,-0.20558178,-0.068590957,-0.718620044,-0.640526586,1.509668329,-2.018070181,1
-0.070795115,-1.296246798,-1.238812689,-0.13849335,0.925819815,0.078998694,-0.709046493,0.417575757,0.172447221,-0.478192654,0.566752033,0
-0.262544751,-1.58659638,-1.057054201,-0.049042037,-0.326767289,-2.136505238,-0.192823717,0.587748231,1.257352383,-0.840368664,0.607150891,1
-1.228063398,1.758620285,-0.501414844,0.153217026,0.444560871,0.055607771,0.008755914,-0.375574801,0.162107111,0.772452451,1.736326572,0
-0.208860297,-0.977555521,-1.327070257,-1.235165187,1.854387082,-0.348229791,0.828224848,0.136671654,-0.736003826,-0.489750453,-0.979593132,0
-1.569085932,0.799777752,0.243531761,0.883955992,-0.331059118,0.073531924,0.195797011,-0.336852965,-1.738284587,-1.165538472,-0.91247673,0
-1.235004868,-1.189234704,-1.154820793,-1.017129106,0.220785108,0.308424392,-0.77501891,0.123982917,0.142679031,-0.539334899,-1.009019653,1
-1.500270906,-1.387448423,-1.138823963,-0.753064388,0.52022613,0.270964712,-0.514984517,0.26889736,0.200448381,-0.464811508,-1.054730277,0
-0.484020203,-1.416256034,-1.181682446,-0.010209961,0.420578733,0.303445823,-1.194420239,0.429310015,0.493920565,-0.488042061,0.533784116,0
-0.27594891,1.21768922,-0.331266819,0.981764501,0.969798839,0.045234469,-0.421076663,0.022801031,0.298396111,-0.797815518,0.40332087,0
0.013721045,-1.41541596,-0.628365618,0.117388617,-1.614019487,1.321273603,0.364289579,2.23418748,-1.154474441,-1.139257202,0.883942318,0
-2.149313828,-0.66694613,-1.339169859,-1.820241498,-0.122141663,0.261411339,-0.163381602,-0.255922946,-0.052961833,1.043463112,0.312246773,0
-0.058124899,-1.399874128,-1.220343788,0.215092133,0.057787346,0.306879875,-1.331721304,0.376523521,0.504502157,0.172437655,0.082542928,0
0.173245431,-1.06225021,-1.252404652,-0.473092116,0.352329864,0.205594791,-1.196472246,0.198168456,0.195153896,-0.597163017,0.602095614,0
-0.92778171,-1.024094708,-1.292482377,-0.901952431,-0.246502756,-2.345493269,0.856249668,0.197203251,0.846734651,0.746631939,1.916849004,1
-2.029716759,1.919425186,-0.475748759,-0.759654332,0.450387919,0.009821468,0.611937435,-0.618969343,-0.213829316,0.755531943,0.18035961,0
-1.842242363,1.037688944,0.04364308,1.160927797,-0.475413445,0.042130635,0.379406151,-0.377724493,-1.529243013,0.483919329,1.938749066,0
-2.35260497,1.849203244,-0.417364939,-0.676747332,-0.024952303,0.20181126,0.127371597,-0.6016683,0.050405772,0.752303737,0.181090158,0
-2.31964536,1.872095999,-0.426337699,-0.719327249,-0.081210253,0.216711117,0.099260997,-0.64166742,0.051996156,0.730319967,0.171477493,1
0.791879869,-1.189369877,-1.26842833,0.270961682,0.003544886,0.114997759,-1.283442543,0.364166189,0.211707181,0.87269342,-0.237611123,1
1.352219293,0.244245822,-1.350015716,-2.218705093,-2.344988801,-1.284335209,1.30752036,1.651696279,0.673230541,0.897416107,1.784963778,1
0.119874765,1.027742064,-0.315285059,1.793794525,0.342583974,0.07678838,-0.778110943,0.196144345,0.489161668,0.667300743,-0.451815898,0
-0.669879333,1.039420243,-0.28108395,1.212068369,0.844588842,0.150813891,-0.578580315,0.13009862,0.515762189,-0.750861801,0.373737033,0
0.205769888,-0.562986606,1.632222723,-0.201423435,1.202106345,0.257021854,-0.519248518,-0.023859395,0.590257648,-0.346087603,0.600038987,1
1.04440642,-0.922070589,-1.348132288,-0.367694299,0.585093734,-0.051524156,-0.781500102,0.158461855,-0.156283434,0.088890325,0.197401006,0
0.670176598,-1.773173449,-0.797551288,1.125220017,-0.305217376,-0.165037602,-0.309543917,0.336493741,-1.861714625,0.589274939,-0.00845627,0
-0.016446212,-1.343002445,-1.265555741,-0.077408606,1.278405994,-0.027783609,-0.355293021,0.456283325,0.067413047,-0.452931007,0.539305375,0
0.85106258,-1.385975153,-1.251296769,0.812824839,-0.162120682,0.113403523,-1.335288969,0.525857295,0.339094524,1.643759902,-0.687717603,0
1.027045458,-1.411996796,2.000612786,0.622719975,-2.072043847,-0.131317116,3.414332064,0.385641946,0.709641402,-1.576731706,1.007060002,1
0.592712239,-0.701253894,1.788094691,-0.037178621,-0.619935925,-1.936393865,-0.380737492,0.051258411,1.649029685,-0.067060572,0.260798156,1
-2.254981562,1.682544096,-0.275903843,-0.74964167,-1.157361916,-2.097914155,0.792242608,-0.509943238,0.970308174,0.355926601,0.236847002,1
0.709108869,1.631644193,-0.446332679,0.482908883,1.51302958,-0.296892124,0.132340338,-0.152646703,-0.309992725,-0.861099384,0.506256675,1
-0.686475719,-2.343823685,-0.895177585,0.142249032,-1.858735288,-1.281926372,2.134276252,-1.542713522,-0.199581413,-1.531218609,-0.6788914,1
1.914675271,-0.364631381,-1.403785146,-1.071346861,0.133684321,-0.092068111,-1.189058207,-0.166303793,-0.480313872,-0.067354726,0.356862002,0
2.134768622,-2.177562854,-1.296916636,1.686141858,-3.200191918,2.809974681,2.459919565,-0.550142432,0.124546081,0.46848379,-0.339953635,0
-2.125235978,1.749564073,-0.286844016,-0.830234397,-1.14142356,-2.128255554,0.807427991,-0.539757683,0.902105956,0.343577136,0.257589559,1
0.309848481,-1.140523337,-1.286180736,-0.328943021,1.148411252,-0.055361451,-0.476514848,0.346766872,-0.064285383,-0.504348371,0.600796914,0
0.305136414,0.821334619,0.271345124,2.211579132,-1.432580837,1.070623093,0.969065338,2.177761807,-1.07527228,0.107097029,-0.127871803,0
-1.482800717,1.064649975,-0.336226308,0.399259405,0.088313037,0.633311199,-0.062793502,-0.753842106,0.64015472,-0.917417766,-1.173934609,0
0.386060801,0.395254851,0.324161282,2.67361578,-2.256888961,-2.258745919,-0.087320308,0.133671139,-0.412776734,0.598341787,-0.549120805,1
1.699221052,1.727457987,-0.332303748,1.253133582,-0.708025225,0.960036004,0.576186749,2.10583737,0.403268193,1.057356668,-0.700270956,0
-1.277986879,-0.729003604,-0.941367898,-1.495555264,0.62399636,-0.414726229,-1.654560854,1.19702108,-0.563640068,-0.365393094,-0.972450076,1
-0.409517333,-0.974571692,-1.278797132,-1.246095538,1.335869988,-0.166818506,0.309566953,0.109018967,-0.521195806,-0.514488471,-0.960681628,1
0.605014932,-1.093821768,-1.167734482,-0.040392374,-0.006758657,1.094850888,0.69391984,2.63090416,0.496119024,0.053804463,0.205910351,1
1.346412958,0.851537889,-0.386340725,2.012594854,-0.444253236,-2.268713453,0.975747423,-0.234650362,1.2078772,0.910517905,-0.751807867,1
1.003489653,0.954754871,0.217702956,2.325445388,-1.589541837,0.95171991,0.982626665,2.132354533,-1.256582869,0.782436781,-0.513469686,0
-2.352866828,1.853086941,-0.421585185,-0.691726756,-0.066291817,0.217357619,0.105444239,-0.623817927,0.063499977,0.739419619,0.170854854,0
0.288151955,1.505718868,-0.209514167,0.965425121,-0.643919602,1.269646225,0.302808865,2.159507729,0.829159206,-0.31593065,0.091177852,0
-0.093974994,-0.751030222,-1.461088135,-0.38169282,0.217616551,-0.107433979,-0.196618803,0.12868574,-0.137653976,2.541265386,1.092615784,1
0.653284734,1.707261642,-0.414698701,0.377782841,1.006559549,-0.144829038,-0.361501638,-0.225634697,-0.16738521,-0.906583961,0.538824162,1
0.112281879,-1.802967234,-1.435375404,0.647082399,-0.240524017,0.966775429,-0.389956646,-0.677810377,1.115845701,0.01425793,0.088368325,0
-1.231841841,1.316774691,-0.275216597,0.164256069,0.924155087,0.034923293,0.08789864,-0.154225586,0.002233361,-0.78232399,-1.14169306,0
-0.017801222,0.534463683,0.171196786,2.505045803,-0.487478794,-0.046540201,-0.273583488,0.050851673,-1.450503458,0.31411054,-0.211006206,0
-0.569336571,1.069671772,-0.297503027,1.174287715,0.95081738,0.102960307,-0.467053131,0.116386161,0.443228828,-0.754766532,0.375945136,0
-0.101500869,-0.583661172,-1.271576087,-1.796806527,0.153818893,0.120653951,-0.751663996,-0.247359783,-0.388479921,-0.711667176,-0.878691654,0
0.186457504,1.383103045,-0.399849311,0.773114991,1.333283285,-0.140167191,-0.030682526,-0.061303533,-0.006943676,-0.828234952,0.42426278,0
-0.335420123,1.157397149,-0.328031095,1.069095698,1.128393544,0.008562881,-0.286588583,0.08169862,0.288070569,-0.765643817,0.395120519,0
1.520523017,0.84370407,-0.816514379,1.8887763,0.693710448,0.644606246,1.542993256,-1.644522119,0.681038215,0.325101083,-0.412959706,0
0.233450672,-1.951320189,-0.750024134,1.330170885,-0.592188191,0.003165581,-0.582909212,0.392397413,-1.578210353,0.604599153,-0.062843168,0
-1.317446518,1.393209886,-0.24729155,0.03671546,0.293038453,0.23547643,-0.49120942,-0.270922055,0.194998718,-0.854429202,-1.130672857,0
-1.668627338,-0.14153443,-0.14929154,1.854052727,-1.522581606,1.664691585,1.58286927,-2.505072595,-0.145393424,-1.534065935,-0.987471352,0
-0.720937299,-0.909679335,-1.212960134,-1.389247855,0.13989537,0.242205015,-0.7912068,-0.071591437,-0.082366612,-0.633279008,-0.962379851,1
-1.311796972,1.672651818,-0.498580982,0.274950527,0.66697839,0.00531176,0.202284669,-0.296933978,0.148750812,0.815277709,1.721127288,0
-0.987158355,0.902457312,-0.248005007,1.371970769,0.674241192,0.262028158,-0.741706035,0.178678674,0.712744683,-0.735035518,0.332334583,0
-0.347189088,0.173046113,-0.125375236,2.232523861,-1.107234441,1.181740524,0.761825286,-1.830848437,-0.440040302,-1.470510597,0.653749664,0
-0.388306222,1.095956593,-0.325052328,1.161147559,1.315716005,-0.038529295,-0.129225325,0.148091399,0.266953013,-0.728832758,0.389451734,0
1.068255817,-2.304599886,-1.155346139,1.642422271,-0.830171822,0.83541635,1.107751832,-1.360313134,-0.982310327,0.290612129,-0.028770789,0
-0.902350326,1.442429257,-0.330568867,-0.010546735,1.110385348,-0.07051655,0.32468343,-0.250968401,-0.193062856,-0.825408374,-1.14264252,0
0.631780975,-0.786511605,-1.332111915,-0.904411808,0.009019435,0.248179601,-1.354650652,-0.122073486,0.079471033,-0.765699215,0.576783135,0
-0.199254377,1.20603267,-0.356562134,0.99237151,1.20098999,-0.03016084,-0.176240368,0.027202937,0.21162357,-0.791824702,0.382682382,0
0.165103261,-1.110032181,-1.249830066,-0.385441731,0.614658334,0.124308375,-0.986305515,0.282843514,0.130807269,-0.547964152,0.612792551,0
0.146096455,-1.354336271,-1.234535547,0.202666647,0.446966734,0.143840714,-1.017101821,0.445060512,0.302032103,0.220515255,0.132661749,0
1.877253425,-0.648008693,-1.405460087,-0.452399296,0.05951206,-0.086633806,-1.090598185,-0.014620502,-0.313703764,0.694628535,-0.162305789,0
-0.815140945,-0.752680883,2.181223575,-0.632599514,-0.59068467,0.387064166,-0.294349602,-0.609115868,-1.453115634,-0.835090299,-0.694231688,1
1.452355269,-1.236047246,-1.204782293,0.102266609,-0.185791773,-2.569842732,0.252096446,0.515791426,0.628319582,0.534145432,-0.129180152,1
-0.069578952,0.818840567,0.421435672,2.535051591,-0.527497621,-0.680121813,-1.473842895,1.253588845,-1.932344448,1.237426631,-0.614289241,0
-0.776712728,-0.945935182,-1.20039826,-1.326551807,0.20956531,0.226562188,-0.757171237,-0.017631214,-0.077049561,-0.604056273,-0.952413448,0
-1.2666897,1.69670039,-0.504988021,0.240757424,0.657239197,0.001129804,0.20240497,-0.317931744,0.130406875,0.804816507,1.722389548,0
0.227826874,-1.246447433,2.25038508,0.490887193,-0.445801715,-2.273360925,0.922676213,-0.01094182,-0.538399399,-1.054204182,0.906316228,1
-1.168618958,2.382990628,-0.40595931,-1.050426035,-1.369152406,1.25687021,1.24792587,1.314453427,0.237946408,1.130684383,-0.148382632,0
-1.276521192,1.418973862,-0.255623409,-0.006127495,0.250539488,0.243722399,-0.511612894,-0.30587994,0.188393089,-0.873177121,-1.135858194,0
1.951230789,-0.455826682,1.15606645,-0.300415863,-0.437853916,1.316222701,0.162809306,-2.247507903,1.219056011,-0.225460566,0.245225394,0
-1.162139366,1.753582872,-0.513915655,0.170385367,0.652749606,-0.017851444,0.200710033,-0.347378034,0.079959125,0.791694435,1.738340341,0
0.014942561,-1.441914221,-1.224072451,0.319028994,0.544602573,0.139447597,-0.937243749,0.50766868,0.342114476,0.252015658,0.11390436,0
0.599395791,-0.347628091,1.589725132,-0.484982171,1.140997032,0.204812241,-0.536706861,-0.168645231,0.416603788,-0.415157097,0.640031592,1
-0.62531511,0.148946812,-1.497939931,-2.874916852,-0.22962956,0.015495759,-0.141231863,-0.764577326,-0.761632329,0.806308115,0.483166508,0
0.662740447,-0.337722531,1.577753804,-0.495178024,1.254773388,0.161073865,-0.423299755,-0.167138802,0.359786218,-0.411644574,0.639423542,0
-2.733032907,1.660479589,-0.393506007,-0.469776187,-0.151711643,0.320775436,0.040425057,-0.557277091,0.275483229,0.763504485,0.100522599,0
-1.823192817,1.499218607,-0.408703413,-0.458493579,0.874373519,-2.755752892,2.743592028,-0.245340325,0.289067792,0.529813922,0.163141358,0
-0.017070717,1.010176123,-0.291595167,1.804797604,0.06488095,0.182582339,-1.043141633,0.178322362,0.621355457,0.651228673,-0.456082657,0
0.381720075,-0.849712966,2.104847773,0.257433542,0.202108406,0.117516723,-0.185189892,-0.273865623,-1.467761291,-0.748503062,0.911150665,0
-1.948751226,0.029018254,1.543982485,-1.828967111,0.157184414,0.449829954,0.011463892,-0.662870777,0.39845411,1.19264419,0.345782996,0
4.102953934,0.977817018,1.277805909,-1.436631136,-0.450117749,-0.058548171,-1.302747678,-1.088832106,-0.517935239,1.208073233,-0.3988593,0
-0.695054019,-0.391726791,1.681639167,-1.136197099,0.898577712,0.317497748,-0.215742792,-0.296976801,0.334169737,-0.384629464,-0.948425365,0
2.044312601,-1.288557701,-1.505259019,-0.288129982,-1.815784652,-0.316045074,2.784909022,0.632069758,1.891198556,-0.833715628,0.296381995,1
0.699126094,-0.312651047,1.573793543,-0.530822886,1.218719297,0.165738524,-0.449819711,-0.189648547,0.351554808,-0.423369882,0.642126868,1
3.558454502,1.953683854,-1.297059089,-4.848677914,-0.458848547,-0.090998255,-0.238722102,1.904846962,-2.341551006,-1.223946133,-0.347334569,0
-1.286945621,-1.308646319,-1.165562979,-0.844778693,0.693820048,0.18056824,-0.3439614,0.243305616,0.055346968,-0.471218184,-1.034567541,0
-1.730360666,1.174693738,-0.206958437,0.312889669,0.296024903,0.311903034,-0.511065435,-0.14715943,0.395204823,-0.798342082,-1.183431777,0
-0.133770637,0.551355199,-0.617058249,1.654342745,-1.352859187,2.827369268,2.054298708,-0.052174629,2.354373487,-1.396254308,0.393187001,0
-1.383704603,1.363374167,-0.246338476,0.06133287,0.239779776,0.267885226,-0.522881656,-0.279955898,0.243980252,-0.862222945,-1.152399729,0
2.083277806,1.531278129,-0.544594272,1.508577144,1.713220373,-0.7227992,0.707816574,0.107317686,-0.670968136,1.368422502,-0.738686908,1
-1.073655607,-0.123517761,1.495703196,-0.93823358,0.265579459,0.455806197,-0.449943106,-0.443403225,0.717905769,1.198796109,1.882111712,1
1.042829523,-1.097214275,-1.207991959,0.223483858,-0.218557945,1.049285335,0.682624744,2.618511711,0.462389923,0.738407294,-0.240114983,0
0.219134378,2.013717976,-0.273477026,-1.095307093,-1.113556632,-2.231702763,0.10303075,-0.752321301,0.499943492,-1.528697192,-0.956150027,1
0.718742251,-1.089343965,2.11194761,1.1154416,-0.37704657,0.15414249,-0.464302739,-0.102891431,-1.252587839,0.713208671,0.019147905,1
1.383440722,-0.384034897,1.557642474,0.142853104,0.77280489,0.089211219,-0.630973658,-0.057417849,0.357574853,1.029190403,-0.178888292,1
-0.577154931,-0.843409351,-1.216638544,-1.448415796,0.239790033,0.177754295,-0.730788007,-0.060417589,-0.183740493,-0.621266041,-0.919100779,0
0.02338328,1.495330398,-0.568864578,-0.19425105,-1.305083986,2.278955632,2.106561544,-0.071291981,1.182705084,-1.470384784,-0.999549657,0
-0.451283991,1.134732707,-0.306850916,1.094671809,0.943934827,0.081640303,-0.472541045,0.084309301,0.386324383,-0.768912685,0.395443887,0
1.994567831,-1.259048345,-1.719125098,0.158294063,-0.797793,1.059635474,-0.009206123,-1.687785417,0.778368484,0.398331754,-0.193497474,0
-1.43590151,1.512760091,-0.514774099,0.476605092,1.101664421,-0.089365289,0.633458438,-0.196760715,0.113324968,0.869594459,1.658847991,0
0.184410745,-0.455070474,-1.535137305,-0.924366001,-0.851701343,0.202415678,-0.927450305,-0.381975225,0.027290728,2.254400198,0.996983128,0
-0.362295311,-1.63947255,-1.190996944,0.560591551,0.519366869,0.220309859,-0.967646288,0.603597677,0.534294061,0.293304826,0.056905875,0
-0.624778178,0.666069553,1.384331164,-2.65513754,0.393536407,0.146885739,0.363546519,-1.057354461,-0.289760932,1.014824816,0.458568731,1
-0.340293778,1.255617103,-0.312858682,0.916564951,0.599065028,0.16528877,-0.763813294,-0.040091442,0.418123444,-0.837430444,0.409324095,0
-0.621178468,-0.491657555,1.837659092,-1.314509957,-0.647259472,-1.856551809,0.073155373,-0.292663323,1.364932209,-0.833367219,-0.882525134,1
0.774153568,-0.220491515,1.688801104,-0.560486601,0.608575098,1.230783165,1.081414657,2.08888775,0.766683526,-0.551256368,0.684028673,0
0.145439444,-0.454280804,-1.294323041,-1.957066411,0.16541117,0.069932373,-0.732697513,-0.314181986,-0.512407999,-0.741028791,-0.843838192,1
0.415021104,-1.192089567,2.164063919,1.254849441,-0.6208149,0.273120742,-0.744954667,-0.03262565,-1.054669358,0.741832078,0.020129151,1
-1.439897448,-1.295782212,-1.136794317,-0.887181509,0.202917134,0.353601922,-0.795128911,0.174991416,0.248092848,-0.517550919,-1.039974198,0
6.533363068,3.391012191,-1.161162297,-1.562154352,-2.757716988,-1.877864593,0.730285803,-3.544741556,-0.066519799,-0.367812422,-0.31225724,0
0.814718757,-0.359949116,1.609611015,-0.198772955,0.453674002,0.32534695,-1.060182113,-0.166641197,0.591869222,0.268247309,0.231941547,0
1.077229582,-0.799048097,-1.331234767,-0.54424638,0.049668324,0.096701524,-1.27707586,0.036273855,-0.046016363,0.01824866,0.22763243,0
-0.783697941,-0.461111441,1.68810467,-1.040169719,1.021777395,0.297082172,-0.113011173,-0.239046716,0.346915368,-0.354187181,-0.960637094,0
0.661615829,1.5562196,-0.448863811,0.592701639,1.778163508,-0.366157152,0.368134885,-0.076338056,-0.350936784,-0.818165457,0.493153375,0
-0.940096293,0.534244669,0.237770467,1.942173387,-0.244646691,0.121058054,-0.349523796,-0.00751693,-1.303668867,-1.105218795,0.630601522,0
1.110537284,-0.572045553,-1.337820686,-1.07808423,0.405314855,0.009706608,-1.119719734,-0.050632272,-0.278048413,-0.705800629,0.736603407,1
-0.040096773,0.939248569,-0.163999603,1.350149416,-0.512256593,-2.223703763,-0.001655993,0.236234852,1.345322958,-0.443745284,0.048015793,1
1.12728185,-0.491726627,1.590453022,0.27800178,0.643888941,0.172550461,-0.772947794,-0.001368734,0.511010183,1.051687273,-0.19919676,0
0.3845564,-1.657847752,-1.604915916,0.082128175,-0.428706305,1.328804583,0.037052207,-1.549577622,1.238376723,-0.932759826,0.522779374,0
0.560852929,-0.422011076,1.590570986,-0.366605411,1.445511128,0.118980138,-0.280141693,-0.073343055,0.358836592,-0.360842369,0.638227335,0
-0.905304485,-0.037475247,1.482478003,-1.039343567,0.295707099,0.412895378,-0.425231635,-0.477009587,0.626446995,1.185724343,1.911357383,1
0.160697615,-0.64054307,1.627032136,-0.091536164,1.477090797,0.185730273,-0.268335096,0.04899976,0.54695294,-0.30502535,0.582442382,0
-2.013406325,1.286632607,0.184030722,-0.001541906,-0.400642177,-2.659749846,-0.726024992,1.134996594,0.763081763,-0.965505422,-1.126827288,1
1.055751299,1.58514276,-0.404013116,1.060031584,-0.017128339,0.011847386,-1.030911635,-0.183156363,0.12447496,0.482300676,-0.337328618,0
-0.401503723,-1.252390499,2.183220705,0.763307253,0.146373668,0.280456801,-0.278643468,-0.053023264,-1.073286851,-0.650298633,0.813140911,0
8.043736024,2.307041589,-2.193726552,-4.227016311,-1.732303722,-0.358737924,-1.248652124,-2.868036503,-2.371772454,0.171222082,-0.114650756,0
1.070660333,-1.7910114,1.802189193,2.134042213,-1.461972015,1.282839028,0.512669085,-1.675874052,-0.104780477,1.158841006,-0.43334998,1
0.332476759,1.393947032,-0.42928509,0.767972955,1.658137718,-0.25934938,0.287420743,-0.043499751,-0.152955731,-0.811711155,0.420892287,0
-0.40117332,0.960209073,0.30118083,1.430312185,-1.402078694,1.273549953,0.774708407,1.955364505,-0.970385638,-1.399352031,0.70197002,1
0.089006128,-0.611635149,1.643560534,-0.147310214,1.125625747,0.302761758,-0.588241911,-0.012039265,0.666753394,-0.343791261,0.582621853,0
0.642815017,-0.758082775,1.638241428,0.62100054,0.707807211,0.243114472,-0.747901984,0.162914643,0.730146432,1.128647563,-0.258275984,0
3.646031553,1.960263114,-0.564227718,0.748697035,1.548381147,-3.587302482,2.29844564,0.009081565,-0.702492812,0.919257013,-0.503800807,1
-0.132513554,1.173830169,-0.299876552,1.312537574,0.26361832,0.18234453,-0.976685205,0.051057082,0.511000729,-0.101987689,-0.005103917,0
-1.562446378,-1.557424109,-0.284388215,-0.613127572,-1.085669819,-2.873926228,-0.305212724,1.303507744,-1.532190732,-1.03106992,-0.688589511,1
1.220679189,-1.28209973,-1.258808114,-0.148853956,0.643566865,-2.709501897,0.993076934,0.477433114,0.444408268,-0.170425824,0.205875145,1
-1.028656602,-0.722442042,1.676714933,-0.70259429,1.647752807,0.169781872,0.48880437,-0.062323549,0.325108693,-0.259703592,-1.047303747,1
-0.334859211,0.571261659,-0.618019184,1.623215071,-0.184872727,1.311160412,0.378742448,-1.663785772,1.54716725,-1.109151283,0.360942746,0
2.865791926,2.865327198,-0.703351389,-1.087627561,-0.83500245,0.031102701,-1.403379281,-1.426661841,-0.604967741,-0.845809895,0.112239975,1
-1.520488488,1.672840287,-0.460303739,0.246809716,0.094876334,0.211572899,-0.33020608,-0.36333824,0.387207569,0.767769606,1.714672104,0
2.699756946,2.94298012,-0.675256718,-1.490938514,-0.971181187,1.089811432,0.67227262,0.631522694,-0.259205241,-1.784440016,0.405972228,0
0.594412449,-0.831661079,1.813792133,0.146084253,-1.735259819,-0.402481371,1.312382256,1.750171969,2.536845703,-0.311073186,0.280205843,1
-0.329949744,-0.839268403,1.680553377,0.136380887,1.146911317,0.377045818,-0.582204207,0.109784969,0.867386618,-0.288994481,0.521368989,0
0.812864646,-0.278474021,1.677406553,-0.458021615,1.036399479,1.094964684,1.456878378,2.186941419,0.642277116,-0.492172783,0.685981913,0
1.214846058,-0.64150068,1.230312498,-0.299288232,-0.021635969,1.351070899,0.312310315,-2.074139976,1.342965216,-0.82777111,0.669424632,0
-1.421500745,-1.075525767,2.2425174,-0.219669843,-0.566191298,0.491757849,-0.312848945,-0.416560439,-1.165422272,-0.746443063,-0.766745555,0
-0.507491099,1.848756424,-0.354817416,-0.606420301,0.010552498,0.189262223,-0.598898997,-0.662424759,-0.110949626,-1.050896918,-1.095446762,1
0.04880402,-1.514466197,-0.754435469,0.191121709,-0.623998454,0.117460458,-0.84781769,0.035256641,-1.720513485,-0.960412568,0.867060333,1
-1.613508922,1.240441748,-0.222499209,0.220004648,0.254997382,0.305338252,-0.526746697,-0.203788301,0.351151625,-0.826771811,-1.178417212,0
-0.802108679,-0.37289359,1.708355848,-1.17154619,0.524900224,0.443917458,-0.574969834,-0.338370323,0.473142944,-0.413440239,-0.939265798,0
0.277112642,1.266758522,-0.360266346,1.225682856,0.901352529,-0.080470611,-0.372312362,0.071398997,0.15928253,-0.073430474,0.023834125,1
0.081841998,-0.063452691,1.569783221,-1.571932592,1.228182343,0.091479677,0.199489101,-0.514086777,-0.108571399,-0.480176404,-0.914704865,0
-2.180746365,-1.184268186,-0.867960408,-1.04339844,-0.50294503,-0.018742178,0.73015033,-0.310524366,-2.156913149,0.74766363,0.570032297,0
-1.364342805,1.628212123,-0.505961446,0.317141918,0.71249732,0.008699425,0.272448271,-0.296984964,0.169592945,0.813432821,1.689433858,0
-0.248102839,-0.521667506,-1.157793458,-1.878688238,-1.061101218,1.42971981,0.335435753,1.863641021,0.302425717,-0.945899646,-0.931756217,1
-0.480906631,0.490466526,0.192605983,2.280381357,-0.1653618,-0.017443146,-0.112341157,0.05379793,-1.420937199,-0.376570062,0.190242191,0
-0.187627574,1.315634755,-0.159448055,0.441270511,-1.163860594,-2.241621478,0.121042879,-0.122484517,0.922375821,0.171402516,-1.855047618,0
1.236033965,-2.295974326,-1.113906255,1.908012852,-1.716669173,1.016464028,0.369879142,-1.363942849,-0.742180076,0.968477884,-0.413398934,1
0.15526719,-1.739338081,-0.749029855,0.784944428,-0.507388573,0.023467872,-0.644834147,0.250303253,-1.684631908,-0.156095072,0.41663486,0
0.073827177,0.671971919,0.185283705,2.324783119,-0.913551518,0.054795623,-0.684421737,-0.049426969,-1.398550153,0.258558222,-0.163738482,0
-2.494596216,1.393885427,0.075789086,-0.024100793,-1.064730295,0.140758568,0.441480751,-0.793503263,-1.83681079,0.371569568,0.428123657,0
-2.209176342,-0.698418753,-1.333540944,-1.780982504,-0.123835305,0.273288551,-0.167387539,-0.239123789,-0.02326978,1.050929792,0.304073229,0
-1.317259758,-1.137905844,2.208346257,-0.120390629,0.021697539,0.303909826,0.244312013,-0.328619725,-1.353707005,-0.690336349,-0.786018647,0
-1.440698439,-1.300288413,-1.132406876,-0.871264997,0.24488143,0.338020953,-0.772925546,0.197791404,0.235320419,-0.504329582,-1.029722415,0
-1.338046274,1.378901915,-0.241683575,0.063327908,0.328199671,0.22616402,-0.473640295,-0.245922606,0.194004729,-0.840689345,-1.124664942,1
-1.29752379,2.424993248,-0.538829438,-1.448122535,-0.211792432,0.073706615,0.083110434,-1.014263157,-0.404951154,0.552984523,0.271676575,1
0.788794142,0.929075171,-0.204799,1.935430067,-0.913573717,-2.334712087,-0.108402422,0.314123802,1.275375551,0.982957415,-0.77530607,1
1.716350029,-0.357602688,-1.255823903,-1.014673651,-0.797259875,1.120255804,0.045889464,2.112684741,0.146715192,-0.205932524,0.36717325,0
1.586302219,-0.669780433,2.181729569,0.907582622,-1.916053146,1.312211085,0.400894256,1.91358012,-0.876297273,1.137210912,-0.298907297,0
0.094678127,-1.248708901,-1.268530021,-0.201572797,1.102564957,0.001308101,-0.516258683,0.389280911,0.054077059,-0.48791374,0.564768709,0
0.356031953,0.554335112,0.164350403,2.7582626,-0.920012215,-0.028124459,-0.547039099,0.055252301,-1.411527711,1.005432482,-0.614738674,0
-0.042117951,-0.689161854,1.674550194,-0.011212429,1.25033013,0.277261687,-0.544503723,0.106587765,0.688474314,-0.279938281,0.607931388,1
-0.337218169,1.209813092,-0.318375038,0.990959508,0.855248798,0.088131867,-0.538201417,0.023071116,0.353778385,-0.80022993,0.406536579,0
0.11872488,0.868117017,-0.158506333,1.689797649,-1.113019614,-2.10725844,-0.400403072,0.234295324,1.536931837,0.235536329,-0.406606173,1
-0.476256714,1.668722856,-0.549400581,0.83350391,0.210430598,-0.083955168,0.077136576,-0.259361498,0.094944623,2.2188459,0.877237679,0
-0.541743173,-1.668966462,-1.020992526,0.035270298,-0.67122669,-1.98232674,-0.516091068,0.588824622,1.476760835,-0.850979955,0.579434682,1
0.353815411,1.130096622,-0.347671914,1.658620567,0.426716368,0.012639275,-0.669188558,0.129293825,0.359003061,0.637639309,-0.439394051,0
-1.127864793,1.36172765,-0.28995134,0.104526928,0.963287619,0.006079811,0.138707055,-0.184214883,-0.05587426,-0.795662177,-1.136835406,0
0.161927298,1.518781878,-0.369687201,0.571026459,0.578232139,0.082486578,-0.731704189,-0.213902689,0.183345939,-0.919109263,0.456600871,0
-0.265292627,1.337647428,-0.316321148,0.7966917,0.366507776,0.221293561,-0.96193715,-0.122614161,0.439154875,-0.882842038,0.419976342,0
0.297917546,-0.420154263,1.652629239,-0.379416313,0.773085238,0.355247387,-0.950596504,-0.110285305,0.639177334,-0.393646731,0.660700297,1
0.269081991,-1.284692177,-0.648649261,-0.036775261,-1.570494112,1.256999668,0.400620765,2.182043639,-1.292520669,-1.159764102,0.927766883,1
1.076683062,1.512356712,-0.416693224,1.17859061,0.429801584,-0.124726359,-0.632107872,-0.081186083,0.005497274,0.543036748,-0.343434271,0
-0.442658767,1.720516215,-0.083149016,0.431678522,0.834883887,-0.501048161,-1.813913119,1.025217637,-0.22214145,-0.670585459,0.455216299,0
0.279942416,0.315862527,1.726874432,-1.986863287,-0.457918811,1.435230604,0.698958404,1.533938875,0.49273355,-0.739252127,-0.775874113,0
-0.191105361,1.047273443,-0.3134549,1.489469795,0.743367558,0.055794214,-0.530555215,0.166212767,0.427118491,-0.03649925,-0.038640283,0
-0.060631935,-1.323050549,1.361825566,0.578523529,0.055021736,1.561871252,0.286721287,-1.65558472,1.940244095,-0.633446359,0.523094493,0
-0.978785737,-0.972004541,2.185320367,-0.304214576,0.138734983,0.197848735,0.330282957,-0.37104963,-1.554056729,-0.701981057,-0.71799364,0
-1.018814068,2.558626765,-0.551422198,-1.582311641,-0.071343155,-0.03128669,0.172032546,-1.021201264,-0.584772639,0.559648762,0.342444108,0
0.058635867,1.190467378,-0.333404245,1.310633008,0.695507034,0.021171713,-0.569047733,0.088034304,0.315379083,-0.072461769,0.001228946,0
0.902457035,-0.372932279,1.590046006,-0.169941179,0.755307902,0.221737996,-0.776197949,-0.128644849,0.477862566,0.294193238,0.229203552,0
0.835323137,-0.724265622,-1.303997124,-0.869235558,0.47488835,0.035310991,-1.097128877,0.068195044,-0.165805944,-0.647297139,0.718116204,1
-1.496606369,-0.209020193,-1.274892712,-2.334758725,-1.064654086,1.318246157,1.10962071,1.765075394,0.163132245,0.787595864,0.429960505,0
-1.443939164,0.069193104,1.516581552,-1.588742262,-0.021478056,0.369417805,-0.024134362,-0.64000313,0.312838696,1.900125327,-0.049796368,0
-0.283586969,1.094318605,-0.285581338,1.41193451,0.260217259,0.211991412,-0.986332035,0.093922123,0.585659896,-0.082871365,-0.025515807,0
1.193626491,-0.604690706,1.532421052,0.407064287,1.295684461,-0.011094377,-0.086921997,0.052470961,0.340075727,1.086919491,-0.279424655,0
0.538247761,-2.310358621,-1.101006219,1.377647623,-0.828808863,0.960670126,0.926624544,-1.371269425,-0.852524027,-0.411414456,0.409736821,1
0.086238783,-1.970509536,-1.852315949,-0.221057103,0.614914357,1.480099088,2.770978258,-2.608239083,0.983024555,-0.954214273,-0.997783643,0
1.411420002,-0.20500369,1.674160463,-0.063936961,-0.505065851,1.372966848,0.3575386,2.029129056,0.968675063,0.787138093,-0.169848044,0
-0.511540778,0.613578397,0.154064565,1.845812993,0.441540796,-0.147147942,0.356747645,-0.028543856,-1.665113883,-1.09966915,0.618225173,0
0.218449117,-1.221258554,-1.536367371,-1.062312223,-0.447373908,2.071349353,2.732633191,0.452517082,0.864107345,-1.074346525,-0.938295,1
1.020051423,-1.045862744,-1.314738421,0.03260788,-0.232011287,0.160450957,-1.396462075,0.170011775,0.174443069,0.768601927,-0.266178266,0
0.711365625,-2.113370699,-1.113137703,1.079421495,-1.427731357,1.111849278,0.430003771,-1.589917736,-0.785735264,-0.532632761,0.42371324,0
-0.311743391,1.478330161,-0.092656988,1.04089831,1.076254507,-0.630754109,-1.471424891,1.240862505,-0.223223227,0.135316114,-0.014658703,0
-0.342247308,-1.4287313,-1.212445773,0.02251606,0.861691771,0.14992058,-0.776013392,0.478916225,0.321107314,-0.453035961,0.52974222,0
-0.146930152,0.591557236,0.296743665,1.63876043,-0.598210758,-2.542600445,1.034602441,0.075098998,-0.914096195,-1.479078862,0.768469342,1
-1.083340242,-0.558975629,-1.397154036,-1.369193294,-0.45726633,0.081682148,-0.219884166,-0.214921665,-0.258605561,2.457836522,-0.466133115,1
-0.694963852,-0.687220012,2.287542541,-0.60853859,-0.922501582,1.359593449,1.480308923,1.72884544,-1.129013449,-0.926317781,-0.647083097,0
1.268022509,0.46103727,-0.317958245,2.241994398,0.460635439,0.384271734,2.383368255,-1.751001199,-1.482823166,-0.684510775,0.334039905,0
0.824409547,-0.16802745,-1.116185606,-2.62014372,-2.245613721,-1.03355971,1.023305089,1.638939787,0.763773227,-1.488777548,-0.762553216,1
0.128341639,0.431988454,1.422985992,-1.426919207,-0.225463417,0.045442101,0.015167238,-0.678278314,-0.180575883,3.287852818,-0.730219318,0
-0.891318464,-1.020685661,2.349551478,-0.553948015,-1.625537994,-1.916592555,0.413211256,-0.413520107,-0.479149324,-1.177764964,-0.63691793,1
0.978372349,-1.309167748,-1.273691098,0.692128878,-0.260010029,0.126190821,-1.380569256,0.435561506,0.307782318,1.596163269,-0.695379957,1
2.018769839,0.427822606,1.427876594,-1.521370267,0.891138487,0.031051909,-0.599443479,-0.719621813,-0.197222748,-0.680943063,0.765214895,1
0.551796922,0.703153823,0.15500289,2.56332366,-1.145590813,-0.000565805,-0.749708331,-0.047317486,-1.454347576,0.952943846,-0.575967287,1
1.904852184,-0.580453018,-1.429126921,-0.731095457,1.258318692,-0.424312903,-0.190215244,0.109964828,-0.74954289,0.094510123,0.334471001,0
-1.281659556,1.3037979,-0.26564403,0.181980959,0.865736413,0.059548849,0.023796947,-0.145795053,0.038858989,-0.779462106,-1.139936546,0
-1.051641039,0.997941042,-1.078309893,0.433223318,-1.207522362,1.914405969,2.546780518,-3.63163065,1.513967755,0.925788935,-0.204198374,1
-1.537847752,0.257570831,1.49212834,-2.145619389,0.040120347,0.416545892,-0.029256167,-0.847374892,0.235009309,1.101175015,0.370130412,0
-0.763650729,1.805763591,-0.180712599,-0.437914783,-0.720420712,1.337483283,0.739048926,1.741192333,0.481528948,-1.119256318,-1.043281391,0
-0.450059542,-0.34443507,1.638934427,-1.185281339,1.301028486,0.157824814,0.181741897,-0.293939928,0.122070889,-0.372753205,-0.944348466,0
0.591259743,1.269599504,-0.366175598,1.483348081,0.363458237,-0.015034117,-0.721699493,0.050762119,0.257064484,0.600977963,-0.401052829,0
1.44598214,-1.376600708,-1.172376135,0.53966312,-0.845780852,-2.410651504,-0.234911347,0.570559736,0.909546344,1.239847767,-0.584052355,0
-1.715639246,0.146710946,1.527198786,-1.963514639,0.213788563,0.384831508,0.053572837,-0.701400375,0.267143702,1.179196405,0.38995251,1
-1.715004182,-0.734582313,-1.376527089,-1.4360399,0.042489676,0.097667959,0.127332492,-0.149232937,-0.183009063,1.797570016,-0.117372151,0
-2.510299342,-0.852356601,-1.309846503,-1.599991649,-0.177343098,0.349898862,-0.211386362,-0.178808926,0.140199622,1.074429601,0.251856506,0
0.502456413,-0.865844751,-1.307980164,-0.776869356,0.1219243,0.230141731,-1.301515363,-0.023108216,0.107054903,-0.713140932,0.587889849,0
-0.769346002,-0.444655633,1.690570926,-1.05869842,0.98591901,0.30317589,-0.15271463,-0.244954131,0.346984351,-0.35715851,-0.951745605,0
-0.279003507,1.214093825,-0.322268929,1.003490612,1.017818529,0.025480013,-0.406500576,0.058332804,0.282728542,-0.777324845,0.422715422,0
0.103859901,1.076967417,-0.306357099,1.713386443,0.035286862,0.170965418,-1.052550338,0.12663423,0.571729081,0.625827207,-0.44771821,0
-0.117222492,1.095687963,-0.318102523,1.427896438,0.698978871,0.054193964,-0.570361422,0.137015751,0.401123192,-0.05071695,-0.02512495,0
0.213581706,1.427078064,-0.381524143,0.740000191,1.247215692,-0.131383614,-0.159615912,-0.045987561,-0.009705451,-0.818641797,0.469288558,0
-0.33910285,-1.395408053,-1.212942924,-0.037407151,0.67529812,0.207509242,-0.928541524,0.422047514,0.367516675,-0.486191803,0.524066164,0
2.17701762,2.629936984,-0.554680536,-0.836101097,0.350824509,-0.231498198,-0.843442389,-0.853581884,-0.745648301,-1.213967802,0.732524384,0
-1.103041382,-0.530825722,1.990083189,-0.317267104,-0.655976927,0.329287545,-0.067318937,-0.604987056,-1.261245945,0.839966662,2.172907652,0
0.023532075,-1.356270936,-0.512681247,-0.618925873,-2.433038434,-1.293030405,2.018080642,2.179463972,-0.920629871,-0.793363469,-0.977913485,1
-0.486066971,1.177495751,-0.295832832,1.020993141,0.617508932,0.185133404,-0.764451147,0.015289742,0.482792953,-0.810847675,0.397097665,0
0.718503327,-2.004391699,-1.578213952,1.169011439,-0.309932553,1.136693907,0.276671611,-1.12481554,1.265218546,0.676958743,-0.307702443,0
-2.383685433,-0.868146798,-1.332280748,-1.55300447,0.264939961,0.194622665,0.187690108,-0.108341452,-0.029338748,1.120899957,0.260333811,0
1.27949996,0.173592484,1.478331626,-1.315834031,0.002438388,0.45980095,-1.308145331,-0.815032693,0.402741993,-0.765595175,0.59769808,1
-0.908942519,-0.566663216,1.685046584,-0.913398146,1.188901773,0.277925035,0.061100149,-0.187755482,0.373476666,-0.328801792,-1.003783358,0
-1.856860652,1.908158094,-0.464277037,-0.738106564,-0.82317534,1.559421264,2.177125513,0.987729036,0.629906999,0.464271198,0.222103244,1
0.129524777,-0.591408873,1.638780651,-0.173723259,1.129023358,0.294619837,-0.580921794,-0.025006029,0.64661683,-0.349758741,0.586180056,0
-2.309118538,1.876915809,-0.426573174,-0.723538382,-0.073567164,0.211868949,0.103859109,-0.64067221,0.044470877,0.731302434,0.174727406,0
-0.022524044,0.053650887,1.617444882,-1.745653972,0.375526915,0.353506245,-0.613674307,-0.649317177,0.140236704,-0.564251964,-0.875126156,0
0.220007841,-0.566707829,1.630077294,-0.191910019,1.264825003,0.235283726,-0.464770895,-0.011188444,0.567651346,-0.338091731,0.602182538,0
0.406900635,1.012228925,-0.177796602,1.528672218,-1.028849033,-2.192931967,-0.340822379,0.194297304,1.370151667,0.2233484,-0.348500179,1
0.76626766,-1.278514546,-1.277396838,0.404090439,0.398827063,0.003746875,-0.927240792,0.462660876,0.129101214,0.929570095,-0.253005644,0
-1.883290825,-0.261231834,-1.005197093,-2.513990934,-0.855728073,-2.799517638,-0.369403362,0.843945623,0.059027527,0.791421775,0.430876305,1
-0.107934335,1.251616006,-0.348019218,0.968573383,1.289475519,-0.08560899,-0.14821575,0.067174473,0.134770964,-0.765184701,0.433846246,0
1.078019443,-1.317392083,-1.292205183,0.719892517,0.059848373,0.013307541,-1.087254789,0.480613122,0.18207291,1.626663085,-0.691375116,0
0.593966633,1.561646112,-0.374384373,0.813981201,0.223838292,0.06082258,-0.960052375,-0.185254076,0.169587979,-0.211456923,0.079200081,0
-0.529582302,-0.655440687,-1.435057077,-0.838198494,-0.16280234,0.130837154,-0.632240534,-0.068618733,0.054762517,1.734314855,1.491373043,0
-1.632234789,0.567822676,1.691549721,-2.402038852,1.083658877,-0.484674098,-0.330972615,0.387065538,-0.600037378,1.367951947,0.379499453,1
0.24552226,-1.392000114,-1.259809276,0.271262274,0.910333047,-0.009517932,-0.586535944,0.517054818,0.143367613,0.266919328,0.126727674,1
-0.462027756,-2.148681827,-0.571534821,0.756128411,-0.974071461,-2.300863013,0.478517499,0.498899101,-0.695244586,-1.162822052,0.830874778,1
-0.790828485,0.584832633,0.211696674,1.872640227,-0.127311194,0.063637499,-0.21231288,-0.043860717,-1.400049513,-1.120336172,0.629074127,0
-1.621581753,0.203145561,1.510982297,-2.051512846,0.14466691,0.393079343,0.021815578,-0.7663912,0.243006336,1.145031599,0.385081115,0
0.059609208,-1.439936274,-1.229264809,0.326937643,0.667772673,0.093224674,-0.83121115,0.529106547,0.289225778,0.266349072,0.121626877,0
-0.5703098,-0.364921699,1.660532506,-1.164957872,1.090184966,0.239949223,-0.026109078,-0.297903338,0.229236648,-0.380043241,-0.945412556,0
-1.295437125,-1.618314911,-0.65176899,-0.355269469,-0.645637936,0.167068181,-0.364780955,0.001227554,-1.838642262,-0.87678757,-0.70864071,1
-1.607910147,0.130625532,1.49637144,-1.940437998,0.556523636,0.270420045,0.398899149,-0.678870157,0.138029135,1.197079304,0.371417636,0
-1.986319005,-0.892833621,-1.214044391,-1.784952719,-0.746693358,-2.202614949,0.950835987,-0.055712353,0.710316779,0.71338036,0.370885405,1
2.499087048,1.399114927,1.359508429,-3.47371481,0.244071912,-0.070778365,-0.552431845,-1.465992543,-1.046883063,-0.942150168,-0.580873206,1
1.229557544,-0.747316837,2.070022215,0.658375706,-0.76768227,0.17520609,-0.780516012,-0.352565305,-1.405387686,0.587134902,0.089415434,0
-2.581031175,1.731563606,-0.398477391,-0.536190933,-0.056648629,0.256592369,0.098709391,-0.551132709,0.171620955,0.772909626,0.143674238,0
-1.584372566,0.755347729,0.240269472,0.951350291,-0.137830098,0.019140927,0.367350927,-0.285891828,-1.777792007,-1.136216079,-0.918562544,0
-2.255180259,-0.133858624,1.574667019,-1.62132763,0.16673068,0.503799312,0.000614048,-0.567083776,0.544730561,1.236557888,0.30843873,0
2.106773191,-0.902579549,1.153200503,0.607521182,-1.584046985,2.954252391,2.207766871,-0.595489241,2.326102794,0.318417253,-0.122737063,0
0.268934258,-0.519789599,1.636624721,-0.241851345,1.188611814,0.242867505,-0.556990481,-0.021970602,0.557106856,-0.342705449,0.629978503,1
0.409714394,-2.356329427,-1.091660388,1.417655078,-0.970554302,1.030883437,0.812272687,-1.382716923,-0.751806261,-0.423135656,0.382208236,0
0.271269349,1.161561272,-0.318487174,1.616486773,0.07518882,0.124567293,-1.022706469,0.098561829,0.47766319,0.615935813,-0.416182524,0
-0.323320408,-1.429391259,-1.218586359,0.021298328,0.906178537,0.135166065,-0.726213453,0.476499314,0.302861909,-0.453610076,0.524480689,0
-1.986394535,1.820311125,-0.435747023,-0.359951838,-0.246619895,0.163550368,0.061780255,-0.560919269,0.045796443,1.46485857,-0.243058409,0
1.512608085,0.141933528,1.648314454,-0.819037182,-0.695202933,1.451057569,0.105773852,1.730034099,0.85068262,-0.058146366,0.304584199,1
-0.507832688,1.098431174,-0.302377919,1.142123979,0.977320318,0.082483361,-0.445162176,0.108620737,0.405863314,-0.756900317,0.387010335,0
0.731132059,1.173155191,-0.347494304,1.884385037,-0.100140597,0.055238804,-1.040941508,0.121785348,0.416400166,1.321972714,-0.830043812,0
0.678291846,-1.120191456,2.116504216,1.160753829,-0.318881119,0.143228785,-0.420390894,-0.072123908,-1.248163167,0.729601957,0.017017691,0
-1.602185194,0.072634804,1.483060811,-1.857086635,0.860813412,0.182432569,0.685630186,-0.61978245,0.06423369,1.232159653,0.354563743,0
3.058325632,0.397383696,1.408989921,-0.633911173,-0.158773029,0.028417164,-1.202546697,-0.623140455,-0.100449369,1.438655175,-0.462302809,0
3.041318034,0.475694569,1.629672879,-1.420313756,-0.416991784,-1.543635228,2.065440096,1.768371366,0.723323202,-0.428676008,0.543695416,1
-0.64539294,-0.511222583,1.847150143,-1.272880273,-0.57770071,-1.878080173,0.108770692,-0.2480999,1.354909845,-0.808394892,-0.868497227,0
0.593395846,1.803686292,-0.292026204,0.290812211,-0.069192284,1.093927985,0.795334225,1.941555929,0.435960592,-1.104864343,0.537660774,0
-0.962931974,-0.767560287,-1.442159818,-0.977883586,0.543583688,0.050464455,-0.080665905,-0.019960951,-0.014549976,1.072109947,1.854207151,1
-2.34005666,-0.769243277,-1.319107815,-1.687559077,-0.106833943,0.291494753,-0.165170745,-0.191262883,0.035153255,1.073724883,0.291312214,0
-0.48520973,-1.098866603,-1.227175494,-0.8354207,0.418115912,0.077971461,-0.428486151,0.136756768,-0.146990342,0.17238461,-1.406068757,0
-1.546633665,1.269741814,-0.222602382,0.19822316,0.317114029,0.269492912,-0.490346874,-0.190174362,0.299091039,-0.816292282,-1.154424494,0
-1.343464728,-1.248721948,-1.142020613,-0.936713097,0.243048418,0.320447408,-0.768848695,0.168040136,0.188529914,-0.517890134,-1.017577448,0
6.707007983,1.859021786,-2.402989343,-4.790853298,-2.231970529,0.817434824,-0.590573444,-4.38958192,-1.275862753,-2.340804817,0.896904104,0
1.982341644,-1.013227186,-1.627000536,-0.359180668,-1.112959183,2.096494879,1.70281926,0.456063324,1.051303454,-0.485747709,0.280968868,0
0.002222583,1.397835372,-0.272421017,0.784482951,0.320640001,1.10678819,1.192331329,2.14440875,0.644831825,-1.008735854,0.393541562,0
0.7959988,-0.403612579,1.606823578,-0.133513928,0.632367867,0.276040693,-0.901160012,-0.118659542,0.557685566,0.295686956,0.225267275,0
1.719668366,-0.21180923,1.630373272,0.013060208,0.431565275,1.031904682,1.183111746,2.184275226,0.585872465,0.890437967,-0.130668404,0
-1.065067784,-1.388541105,-0.73221996,-0.20161544,-2.663450905,-2.330698904,0.777225618,-0.083568849,-1.141516143,2.492477882,-0.580509352,1
-2.571119464,1.743200154,-0.406191995,-0.566900268,-0.122410077,0.279383301,0.064364379,-0.589423081,0.187419549,0.751034455,0.128730374,0
1.263179882,-1.044636622,2.088842498,1.374105995,-0.425476492,0.02070022,-0.413913872,-0.033963682,-1.395446297,1.44904377,-0.350192423,1
-2.324446159,-0.169941631,1.580828178,-1.577157974,0.161343935,0.518826955,-0.005837812,-0.549488391,0.580161673,1.244126458,0.298135562,1
0.37554322,-1.62757973,-0.774007159,0.639949478,-0.495250957,-0.019444355,-0.613112172,0.180280772,-1.793037076,-0.188282942,0.437909016,0
0.102553886,0.464257182,0.200103846,2.868148063,-1.130469651,0.078134432,-0.765018078,0.093717204,-1.240250784,1.017675735,-0.630438376,0
0.860810051,-0.674962298,1.609389003,0.519744618,0.863606254,0.158408928,-0.586543678,0.126763383,0.588259189,1.116280625,-0.241548156,0
-0.215694074,1.235519073,-0.329451046,0.981225554,1.083984397,-0.006374904,-0.34584524,0.056858669,0.235488813,-0.775659736,0.430732074,0
0.180126018,-1.232370757,2.265254073,0.470300459,-0.633222978,-2.212344698,0.736984812,-0.028686178,-0.472754082,-1.066695003,0.916004366,1
0.507963595,-1.827264653,-0.774799505,1.188851806,-0.461270187,-0.090301105,-0.466243079,0.35444679,-1.746550335,0.593213251,-0.019425161,0
0.757530963,1.660126505,-0.453376394,0.441056022,1.48625083,-0.296194275,0.119520846,-0.180434623,-0.325403421,-0.87539687,0.506765117,0
0.668549573,-0.507753077,1.550301801,-0.23456549,2.156933208,-0.104440073,0.395145226,0.036884882,0.140366412,-0.291432241,0.611027328,0
0.536698079,1.762512438,-0.395131498,0.258600148,0.356105969,0.074577393,-0.925810531,-0.365468576,0.051743851,-0.993216326,0.521312933,0
0.859770167,0.318080018,1.501227124,-2.023768024,1.43038086,-0.121830067,0.386624507,-0.668021799,-0.543219637,-0.539627993,-0.793324578,1
1.056027885,-0.782395981,1.609546537,0.932615928,0.580823569,0.170085582,-0.716842473,0.204494793,0.681538717,1.843671283,-0.685574858,0
-0.392742622,0.131128442,1.708099999,-1.479651456,-1.810029599,-0.773790027,1.483961755,1.689487434,1.887933271,0.555609316,2.046419183,1
-1.448115719,1.681358554,-0.465479246,0.255967297,0.276847436,0.140162663,-0.182078083,-0.326277137,0.30423147,0.792286297,1.733467558,0
-1.574371022,-1.093077212,-1.702954535,-1.421692961,-0.669727083,1.228815276,1.212773616,-1.985726287,0.739900352,0.732251392,0.337650349,0
1.550614352,-0.328671417,1.512843231,0.038475767,0.846534914,0.052495892,-0.480372133,-0.15173862,0.273096891,0.981209162,-0.215207452,0
-0.045536054,-1.40281786,-1.211433774,0.242863631,0.156425954,0.26753844,-1.278780097,0.425834434,0.467430545,0.201581887,0.108515013,1
-0.650377828,-1.701663763,-0.33696052,0.272073757,-0.914333173,-2.894061956,-0.710938352,1.529118139,-1.24650872,-1.019844296,0.852953515,1
1.395539088,1.386665237,-0.440837385,1.638068348,0.585527612,-0.265260861,-0.360457401,0.061732003,-0.067146188,1.313734958,-0.784024871,0
-2.089030797,1.77410311,-0.434279791,-0.321851076,-0.329208331,0.213786077,0.012671728,-0.574960746,0.121698513,1.452758034,-0.276736049,1
1.243102808,1.504439855,-0.446991778,1.215546301,0.932488916,-0.303821656,-0.169914893,-0.013872289,-0.196708884,0.589321767,-0.33639629,0
0.129908698,-1.192235327,-1.27165429,-0.293219045,0.881892858,0.063250251,-0.696675871,0.313844225,0.093384889,-0.530677447,0.563223049,0
-0.042573057,-1.560930813,-1.362459086,0.135353762,0.879633975,0.400936972,-0.094895821,-0.112677279,0.491475968,-0.560884579,0.519812065,0
-0.044895971,0.15207178,1.750038058,-1.800173475,-0.538979259,1.526623537,0.63912279,1.586455432,0.676397654,-0.721195139,-0.837962515,0
-0.816124727,-0.759088395,2.187533743,-0.609761708,-0.530171392,0.364563961,-0.262323054,-0.576288536,-1.471617136,-0.816047767,-0.679426243,1
-1.84150568,1.598142104,0.013902601,-0.117269129,0.707032235,-0.401368992,-1.39001386,0.95023587,-0.280355373,-0.612859232,-1.153769345,1
-0.666800867,-0.521069705,1.847676825,-1.264145645,-0.592778627,-1.868407374,0.099666472,-0.249873532,1.370067661,-0.81024742,-0.874991559,1
0.40468201,1.46199728,-0.356445691,0.938617823,0.219847292,0.097866762,-0.971995909,-0.131401791,0.26304601,-0.187421011,0.053692085,0
4.134122118,1.396980635,1.194685348,-2.712519942,1.645681777,-0.583886977,0.210721351,-1.186548032,-1.405688335,-0.869907276,1.002999539,1
-1.400928907,2.526641071,-0.446993806,-1.622170878,-1.599637511,1.439485391,1.080786818,0.990981354,0.31915204,0.258941027,0.181535658,0
0.585725715,1.330036838,-0.351381459,1.39838973,0.051703023,0.074315977,-1.018829074,-0.00709488,0.33184869,0.566593617,-0.381238129,0
3.719450107,0.462281209,1.28958104,-0.887346813,0.881380049,0.845142983,2.381417426,1.157590544,-0.168338608,0.595776896,0.038107647,0
-0.182066093,-1.903789045,-1.407207049,-0.22100945,-1.13574566,-1.228261543,1.678626072,-1.339336647,1.709762039,-0.455155902,-1.355275827,1
-1.989813628,-0.652739587,-1.365999701,-1.820298147,0.241135728,0.125314154,0.175884204,-0.221526391,-0.217574165,1.070148947,0.320034219,0
0.3820211,-1.723386372,-1.590900099,0.225822024,0.005218523,1.185617623,0.354504824,-1.387473678,1.120606642,-0.8382754,0.564672129,0
1.843303415,-0.475442171,1.478003586,0.504071708,0.989396635,-0.070951163,-0.183031359,-0.03582708,0.223849451,1.735345943,-0.687448885,0
-0.390729317,1.263282763,-0.29564195,0.910666116,0.449464909,0.213752219,-0.924475062,-0.040901138,0.474238319,-0.840162093,0.424196535,0
-1.578766896,-0.886329071,-0.913939465,-1.301346544,0.607170009,-0.351931314,-1.679097315,1.276957055,-0.411843328,-0.330475707,-1.01557046,1
0.82274356,-1.169498942,-1.275177412,0.236989816,-0.033039474,0.122916082,-1.301233146,0.335365065,0.208147686,0.857137839,-0.242640464,0
-0.346899595,1.171030595,-0.324313063,1.045801342,1.023816518,0.041686041,-0.380567664,0.060049812,0.319053491,-0.778824152,0.395934508,0
0.068582433,1.925810371,-0.418197307,-0.59135085,1.311971362,-0.31965804,0.522369055,-0.463033023,-0.72137054,-0.911235687,-0.997040724,0
-1.556942554,-0.350499992,-1.400157147,-2.227597974,-0.156853588,0.163175418,-0.151025342,-0.449834226,-0.330635791,0.953490933,0.380426692,0
-0.249131816,-0.542455498,-1.1363244,-1.801729523,-0.853029128,1.351911873,0.445679759,1.975819951,0.237662601,-0.880737175,-0.880543444,0
0.583910677,-1.295925088,-1.25181185,0.396861717,-0.03095607,0.166988386,-1.312529304,0.407141788,0.323836847,0.889690342,-0.273068796,1
-0.271736162,-1.637136324,-1.534311084,-0.299313288,-0.501533225,1.215819433,0.56157295,-1.546378594,0.905437144,-0.126278145,-1.393317332,0
-1.539553201,0.810438426,0.249869429,0.890279741,-0.263565111,0.041283611,0.226657367,-0.303999175,-1.775101046,-1.145335989,-0.8872167,0
-0.155745788,-1.994594624,-0.604826219,0.559552963,-0.943517601,-2.365678085,0.529779997,0.408968791,-0.850284769,-1.203258128,0.863901098,1
-0.001073677,-1.275634675,-1.248908604,-0.16164247,1.00702521,0.042669515,-0.629175973,0.413325842,0.119497325,-0.47784975,0.571229733,0
0.185930274,-0.46555923,1.648938557,-0.356731468,0.631448318,0.429375081,-1.031491702,-0.153309082,0.738155843,-0.422951594,0.611239736,0
1.087501812,-0.036220132,1.570923023,-0.768133048,-0.194745587,0.201071563,-0.759640912,-0.47950725,0.091144775,1.60149489,-2.122718961,0
2.518584352,0.09247444,1.482058288,-0.200285803,0.043247475,0.054049131,-1.123481328,-0.354842159,0.099108556,1.573883396,-0.482377301,0
-0.09467004,-1.308923046,-1.239244838,-0.127562249,0.914670599,0.088650359,-0.711642521,0.414902329,0.188463812,-0.480644043,0.557534639,0
0.330700748,-0.000189585,-0.160471405,3.053007193,-1.057899763,0.964228955,1.043133797,-1.595004968,-0.547120268,0.04285353,-0.194223715,0
0.628243691,-1.342330076,-1.264294822,0.478953809,0.344147092,0.046871823,-0.978571662,0.486567417,0.210523488,0.938105264,-0.273137908,0
0.354425511,1.180533338,-0.328498481,1.602818544,0.21342993,0.067092831,-0.899191765,0.110557495,0.402761551,0.626289311,-0.405305626,0
-2.222675564,-0.927918966,-1.176966819,-1.764353002,-1.213974801,-2.021413841,0.514120889,-0.091796654,0.937505241,0.682605461,0.35586439,1
-0.245919514,-1.355116516,-1.221823771,-0.082946735,0.728431058,0.173364814,-0.880453785,0.410652828,0.308404334,-0.48917606,0.53807752,0
-1.041033386,-0.9592323,2.197669188,-0.333967586,-0.102548613,0.280800231,0.110730544,-0.409708728,-1.465319964,-0.72720531,-0.720108849,0
-2.431989419,1.499152463,-0.269211613,-0.487994391,-0.674522338,-2.208614103,1.209765725,-0.338292305,0.938434669,0.449607511,0.206580058,1
0.321915776,-2.772800236,-0.893709674,1.94043859,-2.649047172,-1.115657572,1.055355499,-1.133625354,0.503575596,-0.060990623,-0.022465682,1
-1.344199924,-1.287980688,2.142873634,0.026953248,-0.646156198,0.797251799,0.194300577,-0.904187546,-0.877603459,-0.802854412,-0.747782436,1
-0.546740106,0.902569982,-0.544161149,0.742363311,4.627088159,-1.122188989,3.743631777,0.272207032,-1.169316346,-0.501326753,-1.366694969,0
-3.070680746,1.086529778,0.13468783,0.370586106,-1.034981943,0.237796527,0.427338969,-0.607079042,-1.565513708,0.457815117,0.360828935,0
-0.631317652,0.8462167,1.535416846,-2.816324274,-0.867183192,1.412513324,1.275588953,1.117463157,0.316415084,0.822407338,0.529417144,1
-2.279146203,1.894470431,-0.431288066,-0.749964229,-0.091186021,0.212844963,0.096075694,-0.659012417,0.035396826,0.721792861,0.174262713,0
-0.375613416,-1.856926995,-0.728974525,0.6593408,0.002986373,0.011542145,-0.309808796,0.310829462,-1.665962896,-0.815589373,0.798148919,0
-2.451550342,-0.625511439,2.081110209,-0.903836319,-0.794977576,0.423692629,0.353283945,-0.700855351,-1.340483972,0.887484946,0.567692393,0
0.577495959,1.097795493,-0.331342149,1.053365963,-1.157260495,-1.834213878,0.112591201,-0.615251982,1.523465816,-0.691408749,0.087487311,1
8.140760945,3.121591855,0.796603104,-4.993625641,-3.926376643,-2.219596144,-1.675753201,-3.422996425,-0.782237143,-0.447083637,-0.411017568,1
-2.055060244,1.521257899,0.173052216,0.147041037,-2.275600133,1.285644528,1.59405944,1.414545175,-1.32844693,0.891055293,0.035104202,1
0.300268686,-0.995030434,-1.264810554,-0.558044768,0.351426976,0.182078026,-1.190355626,0.160104324,0.133560268,-0.614411945,0.618329551,0
0.597662114,-0.863911862,2.257734321,-0.015177571,-1.361644586,-2.084197774,0.066106567,-0.292057735,-0.507513372,-1.205015852,1.017316267,1
-0.267426095,-1.193137858,2.16703202,0.689152881,0.201059574,0.240212145,-0.217647985,-0.083866763,-1.150861762,-0.66297648,0.825455341,0
-1.232754423,1.05833155,0.130137693,0.888203819,-1.142395145,-2.495401393,1.468699892,-0.311369572,-0.975158255,0.093065995,2.063736241,1
-2.347070433,-0.770211263,-1.321318944,-1.693205444,-0.134983664,0.303364603,-0.180456863,-0.204323236,0.047399379,1.065864601,0.283457007,0
-1.391733764,-0.502500359,-1.381238119,-1.713304029,-0.20504032,0.097629292,-0.1350921,-0.256344902,-0.291745602,1.747108835,-0.026953047,1
2.654672295,-1.005113035,-1.527524221,0.226806362,3.551733494,-0.327073848,4.330253822,2.882534484,-1.199683859,0.960195318,-0.260338021,1
-0.069725071,-0.741259025,1.659895892,0.04320753,1.397673833,0.247245096,-0.375523899,0.118124458,0.673733518,-0.273910992,0.572342635,0
-0.347124102,1.217886345,-0.310519539,0.986154403,0.806087478,0.1010503,-0.598738859,0.027478021,0.367391122,-0.798189001,0.418278084,0
0.288255389,-0.411459322,1.638997395,-0.424978496,0.63123277,0.410239011,-1.026293091,-0.183696931,0.688377826,-0.436686738,0.624443473,0
-2.43682038,-1.429533775,-0.668201013,-1.032880193,-2.169844788,-2.100371017,0.868962718,-0.217170662,-0.940881933,0.337731257,0.614255927,1
-0.288797353,-1.394829922,-1.214877525,-0.018267745,0.840059226,0.144924134,-0.798840906,0.463088081,0.29909498,-0.46024277,0.5417989,0
0.580697062,-1.360185078,-1.144762122,-0.098531403,-0.663726198,-2.214194799,-0.262791114,0.399111101,1.062773041,-0.242699805,0.192673733,1
0.153798397,1.597460613,-0.397399357,0.37310871,-0.027381815,0.290247037,-1.148975201,-0.458381795,0.358551392,-1.061916144,0.3770721,0
0.177063334,-0.673328879,1.612612936,-0.050960626,1.666278954,0.131645477,-0.075459924,0.070493824,0.497555467,-0.291525193,0.563298214,0
-1.809731429,-0.503298221,2.030263011,-0.791167069,-1.072619318,0.354655232,0.27233113,-0.771738308,-1.461793463,1.545733576,0.165438037,1
0.50659227,1.293557221,-0.349349973,1.430978952,-0.003207802,0.109762143,-1.052045609,-0.013207978,0.387620413,0.560003346,-0.405040795,0
-0.223699427,-0.689197728,1.695249595,-0.058650288,0.70097841,0.480571175,-1.014373619,0.004003832,0.916188426,-0.347231604,0.574194613,0
-1.275449199,-2.326417809,-0.973710089,0.37032553,-1.309596897,1.28231944,0.920871461,-1.626968217,-0.738942955,-1.150240921,-0.783852958,0
-0.953228305,2.499275298,-0.429425163,-1.203149782,-1.394338653,1.225861103,1.245758231,1.237190125,0.140923149,1.094043192,-0.126692507,0
-0.683540471,-0.522351301,1.841313732,-1.281497391,-0.670535733,-1.836114387,0.057578877,-0.286729084,1.402611492,-0.832311505,-0.896348462,1
1.003601427,2.625690886,-0.478412719,-1.531414269,0.233378127,-0.178056079,-0.40232268,-0.989660658,-0.916940016,-1.183101062,-0.844687433,0
-0.329054498,1.182358409,-0.318684767,1.044080104,1.043484669,0.027667141,-0.38439421,0.077818804,0.301227078,-0.767874064,0.414343095,0
-1.104125579,-1.121550722,-1.165939307,-1.098721393,0.236057029,0.278119911,-0.760127936,0.093474753,0.074133586,-0.552044064,-0.988294673,0
-0.693172392,1.648215268,-0.772043632,0.123280157,-0.525045488,0.868663456,0.47518302,-1.784933692,0.779427986,0.421337978,1.726240634,0
-1.814119402,1.046633582,-0.218674424,0.48410537,0.704206967,0.212728099,-0.123437752,-0.047212511,0.342269019,-0.742738934,-1.223624675,0
-0.122319002,-1.281652622,-1.222859062,-0.159819499,0.726509252,0.14399567,-0.906741216,0.399091432,0.24260949,-0.491283028,0.577086568,0
0.380969544,-0.425504865,-1.048796351,-2.237624079,-2.00799505,-1.039358217,1.126240881,1.897888361,0.905254116,-1.355287637,-0.761366628,1
-0.358794399,-0.010314363,2.030490562,-0.94629307,-1.744507351,1.423669655,1.133033212,1.310420372,-1.043943172,0.526239906,2.266448006,0
-0.706781117,1.481034466,-0.354769073,-0.032987621,1.468014682,-0.215408892,0.643759349,-0.214609766,-0.377197895,-0.796276566,-1.117451703,0
0.779306803,-0.229811907,1.56636564,-0.657051815,0.98297647,0.223900262,-0.640445607,-0.282744443,0.372803886,-0.474691309,0.64605873,0
-0.110184296,0.880852121,0.158360813,1.644513965,-0.842784693,-0.159678359,0.129812227,-0.264112095,-1.969666924,0.957306,-2.123260165,0
1.624789877,2.856035795,-0.652910739,-1.853484552,-1.267718806,0.215424656,-1.132890943,-1.712257761,-0.644448069,-0.904441225,-1.551527432,0
1.160222102,-0.563505491,1.354387675,-0.254685637,2.207383744,0.117233902,1.19055371,-0.665596248,0.224018424,-0.456003574,0.569486641,0
0.959857207,-0.228104306,1.713347928,-0.288196697,-0.190615735,1.390622053,0.459343429,2.070533525,0.984092245,0.119022388,0.272462784,0
0.564984441,-1.102911225,2.139052986,1.11756047,-0.722800094,0.283189086,-0.791229925,-0.131825513,-1.095732081,0.689929558,0.014390989,0
-0.304202053,-0.786626072,1.681431363,0.054611684,0.93221876,0.437003609,-0.766964349,0.046137635,0.908067262,-0.325298798,0.52527027,1
1.078890188,-0.754611576,1.750798256,0.345722205,-0.35702683,-2.143631632,-0.021003691,0.183751133,1.465668931,0.704093188,-0.148389221,1
-0.337158728,1.335336024,0.282537156,0.580762338,-1.402203884,1.01463122,1.451631534,1.721722696,-1.66207914,-0.702568468,-1.159502417,1
0.597095034,-1.376111236,2.289359814,1.223471492,-1.423214324,-2.140336713,0.218297512,0.113715335,-0.256165255,0.380932553,0.080075831,1
0.121811191,-2.24009075,-0.834906038,1.65336226,-0.825000955,0.393947027,-0.201125522,-0.093138693,-1.157154411,0.542008959,-0.080498865,0
0.352967181,-0.686489154,1.778299244,-0.320698486,0.009718066,-2.039144742,0.072098426,0.057357254,1.4961719,-0.746852952,0.680233323,1
0.309132855,-1.470847494,1.464552176,0.528320248,-0.396572706,-0.993408432,1.560563955,-1.470559595,2.559720694,-0.964183211,0.608829909,0
-0.892228711,1.750192979,-0.181319935,-0.398912296,-0.847694611,1.409342399,0.664906043,1.71079936,0.584084151,-1.141856507,-1.091347021,0
0.137030022,1.093703587,-0.30873407,1.694281388,0.043450523,0.161675641,-1.046500602,0.121210522,0.553010291,0.623947845,-0.441406239,0
-0.090782616,-1.205227268,-1.223181714,-0.284246144,0.387665456,0.241933361,-1.191449842,0.295277707,0.312686419,-0.550853434,0.576608738,0
0.326423073,-1.10764282,-1.284173686,-0.377085565,1.022142251,-0.021372362,-0.589738357,0.31271729,-0.041961634,-0.523697732,0.606708694,1
0.069783606,-0.363344243,1.664803472,-0.606842551,0.14711078,0.316631137,-0.664165658,-0.262891506,0.375424358,1.013523766,-1.753318678,0
0.074773773,1.522468331,-0.35466458,0.55094484,0.314136297,0.177061169,-0.972042124,-0.251378385,0.289925308,-0.944632144,0.451110557,1
0.28065838,1.539886859,-0.270215831,0.662254694,0.472699402,0.989113743,1.248782009,2.17552305,0.453961489,-0.98012438,0.495738305,0
1.737268085,-1.630250047,-1.663572107,0.938630982,-0.88806755,1.089215049,-0.037520579,-1.391930223,1.036276587,1.235232068,-0.666002158,0
0.288524557,-0.522021472,1.627827598,-0.244815894,1.233522131,0.229456252,-0.499436932,-0.030514728,0.539869097,-0.346784471,0.619356154,0
-1.984894021,1.44006434,0.044304443,0.199982317,-1.278540047,0.072603905,0.387505094,-0.790980023,-1.91378396,1.067413572,0.024504526,0
-1.414260753,1.121640997,-0.084713693,0.101451198,-0.817281109,-2.036014209,0.175275871,-0.109797185,1.202688701,-1.217931483,-1.094655581,1
-0.553678319,-0.23636063,1.678745593,-1.356780275,0.471071239,0.417440892,-0.590605299,-0.440808518,0.369009201,-0.463445813,-0.920363337,0
0.941664339,-2.747085785,-0.950214114,2.207383969,-2.462036525,-1.320474847,1.377427323,-1.077870675,0.278102819,0.670668959,-0.429845175,1
0.366366086,1.715680392,-0.424209081,0.209353633,-0.087791679,0.272972568,-1.169961184,-0.553748699,0.273951603,-1.109188069,0.389704336,0
-1.148165438,0.890663801,0.008933323,1.942195418,-0.521388809,-0.149939248,0.577638135,-0.170474121,-1.620834658,1.981147536,1.094087957,0
-0.013985443,-1.273150341,-1.259471579,-0.191789995,0.903032264,0.084778875,-0.681746697,0.358581011,0.159035625,-0.510151415,0.541505358,1
0.671349941,1.616093762,-0.271017253,0.832355599,-0.205699921,1.076210031,0.752234452,2.119685695,0.543557375,-0.32355449,0.102873403,0
0.557542695,-1.908882465,1.95824548,1.460370845,-1.76476446,-1.077138704,1.662109081,-1.610889041,0.67169564,-0.625560712,0.476387362,1
0.602103869,1.117332439,-0.336986256,1.944191916,-0.181008081,0.105894273,-1.108438304,0.131211064,0.501117069,1.322425058,-0.853435105,0
-1.73920492,-0.338100431,-1.250461287,-2.169876696,-1.055746699,1.360467515,1.101746375,1.841635221,0.27851535,0.822783932,0.400728263,0
0.542130569,-0.319266351,1.564084336,-0.649984299,1.12219713,-0.041909365,0.318195843,-0.240703585,-0.074402669,1.046370521,-1.778112505,0
2.377688727,0.355687662,1.54442812,-0.865157172,-0.949146768,1.352085892,0.145172271,1.526793417,0.631969249,0.532137962,-0.134150312,0
1.357583283,1.415189045,-0.547402598,1.254672866,0.257389922,0.178319706,-0.158174704,-0.68303994,0.224152789,0.428068884,-0.324771404,0
0.422426499,0.930107023,-0.193468502,1.656090168,-0.558652166,-2.333568212,0.086826129,0.296578276,1.249788734,0.284126951,-0.362002295,1
1.159463933,1.927942765,-0.385211763,0.285673014,-0.801341965,1.211353883,0.478055319,1.641690791,0.495781045,-0.582579485,0.007108909,0
0.717747368,-1.306284928,-1.272963425,0.439776483,0.410167404,0.00949325,-0.919669245,0.479760349,0.149976539,0.937663497,-0.259514907,1
-1.771026298,-0.266405993,2.015725636,-1.355114193,-0.789301337,0.293760888,0.391626686,-0.899130245,-1.673768026,0.798359801,0.657259726,0
0.854769373,-1.181499508,2.13790168,1.520328757,-0.848827714,0.223427958,-0.81009137,-0.017043765,-1.093110911,1.442581348,-0.396057894,0
-0.402949085,1.107309507,-0.320911655,1.141280056,1.215192152,-0.006146168,-0.220366277,0.128856107,0.298372336,-0.740728164,0.390223664,0
0.696772339,1.853575623,-0.417471523,0.127606931,0.28967064,0.069420102,-0.952716102,-0.448545499,-0.005394857,-1.035359622,0.525657374,0
1.355923384,1.740317915,-0.429451943,0.873118994,0.018496907,-0.057880608,-0.996441587,-0.25280485,-0.032922142,0.453339372,-0.28964798,0
0.240168732,-1.171384084,2.13678263,0.958862309,0.128207199,0.127909619,-0.158780455,-0.036348355,-1.263554859,0.059097219,0.428028747,0
-0.278951441,-0.768107676,1.851858741,-0.374075682,-0.96265257,-1.90775675,-0.010465623,-0.026939096,1.505658046,0.683844904,-1.749802232,1
3.582338272,0.527779327,-1.577105395,-2.223956805,0.020121702,-0.362686881,-1.162669371,-0.720726152,-1.257062128,-0.325597689,0.544895376,1
1.12187651,1.633703622,-0.299855319,1.085235349,-0.448294448,1.030041752,0.680307195,2.123926908,0.504513231,0.371018461,-0.315796655,0
-1.347615487,-1.252947275,-1.139473692,-0.926293345,0.263929919,0.313398961,-0.757995083,0.180495497,0.184002135,-0.510809988,-1.012962266,1
-1.671703552,0.692866265,0.243738887,1.029925454,-0.063030182,0.015325492,0.438517626,-0.249461999,-1.751671989,-1.118244732,-0.93812084,0
0.594188418,-1.507422521,-0.794327509,0.487551853,-0.518574066,-0.053780962,-0.623420348,0.110696288,-1.894045797,-0.22037446,0.467366962,0
-1.133326019,-0.934554402,2.226541745,-0.368964134,-0.449747434,0.393986044,-0.236160483,-0.439205716,-1.342324852,-0.748545065,-0.700675596,0
-0.507892441,2.601277284,-0.036164229,-1.594776389,-2.464078374,1.118322664,1.54158101,0.587216705,-2.127254141,-0.205249026,0.605932223,0
0.168934172,-0.800971222,1.789511681,-0.179096103,0.082931634,-2.023298678,0.141577535,0.118112408,1.570711149,-0.718437133,0.644663291,1
-0.552305447,0.800405733,-1.018072691,1.421824627,-0.754416443,1.648498447,1.898787646,-2.849421482,1.684942137,1.065723362,1.281411556,0
-0.277537362,-1.181887441,2.169976596,0.66940007,0.112008501,0.268637597,-0.29696962,-0.102795663,-1.124173907,-0.674497146,0.825569888,0
0.763901016,-2.287894879,-1.938840627,0.811898733,-0.105498065,2.007322332,2.026588303,-2.891687213,1.846239685,-1.06982814,0.531232134,0
0.125166424,1.425061763,-0.19950049,1.053354237,-0.70025325,1.321373372,0.264484378,2.177436496,0.926224077,-0.31176527,0.056160457,0
0.147332105,-0.292248437,1.723061029,-1.525359835,0.396859241,-2.301367962,1.085478067,-0.30288968,0.744883831,-0.808084837,-0.835611244,1
-2.112154416,0.249504905,1.739537395,-1.962200986,1.468924203,-0.515456739,-0.043324235,0.647163632,-0.465939126,1.501157502,0.332147018,0
-2.467683241,1.790773827,-0.408732053,-0.609086401,-0.049512653,0.232630283,0.108377309,-0.58082885,0.114167498,0.759999581,0.160120197,0
1.163099989,1.377130048,-0.463969711,1.377441775,1.327415943,-0.396550403,0.220937514,0.069573061,-0.245352804,0.635519377,-0.386822097,0
0.573882126,-1.115285402,2.063722477,0.879560807,0.662854765,-0.076177212,0.41385334,-0.071037251,-1.540716031,0.05286616,0.401806752,1
-0.497402456,0.510753851,0.081226216,1.913170704,-0.390178998,0.391610944,0.183772745,-0.672953451,-1.165088821,-1.250781602,0.649664637,0
1.74034199,-0.311899468,1.509523649,0.091528867,1.399040598,-0.164539122,-0.059150866,-0.008170649,0.030515353,1.07242672,-0.142051264,0
3.590725751,0.471761562,-1.686456143,-2.445899494,1.51747618,-0.735725147,0.231094585,-0.706141954,-1.71154367,-0.989000943,0.863891447,0
-1.140008789,-1.140773058,-1.162188559,-1.07384421,0.238708989,0.283864699,-0.760585261,0.105516358,0.090781552,-0.546422298,-0.992289165,1
0.796268639,-0.769397788,-1.203826538,-0.731025316,0.207743877,1.030919528,0.783803577,2.422083605,0.231251546,-0.735046925,0.701146557,0
-1.357765691,-0.428777919,-1.44340075,-1.946056798,-0.778253938,0.306133903,-0.437184604,-0.574594904,-0.128496988,1.563435504,-0.16400454,0
-1.135649032,-0.992597939,2.211449291,-0.292614951,-0.180798957,0.320099701,0.028382732,-0.394244457,-1.401707536,-0.72199688,-0.725044733,1
0.937465283,1.645156934,-0.42144166,0.737639342,0.740880734,-0.156251005,-0.478019859,-0.165103785,-0.122788395,-0.185775996,0.110473659,0
0.883420096,-1.238754746,-1.293154543,0.358120751,0.510279898,-0.050255197,-0.817015033,0.450897373,0.045874697,0.927415259,-0.243702428,0
-0.194394788,0.338054609,-0.697075252,1.966677403,1.343462395,0.84909973,1.828590545,-1.403266463,1.122865066,-0.949725468,0.287873072,1
0.644777348,0.214625836,1.540641926,-1.864646841,1.448481653,-0.098555225,0.337527531,-0.555628854,-0.453449935,-0.48274943,-0.781506656,1
1.510696802,-0.604695214,1.552859347,0.720009158,0.894946626,-0.005365433,-0.399122467,0.134026682,0.386446611,1.82069034,-0.643665391,0
-1.009600158,1.898528131,-0.274806882,0.654766916,0.502161748,-0.688686964,-0.958206961,0.957352418,-0.35145168,2.457182191,0.875539865,0
-0.620852211,0.448305353,0.351776337,1.776678108,-1.188637362,-2.275293886,0.498739037,0.060781076,-0.536762185,-1.506409191,0.708232622,1
-0.803872802,1.574731364,-0.314206092,-0.173913695,0.748346995,0.007772397,-0.041514359,-0.32734124,-0.162511649,-0.866760288,-1.08634501,1
-2.193079916,-0.487135136,2.054182009,-1.082712177,-0.813215043,0.38198812,0.357036568,-0.787127249,-1.460672248,0.847261076,0.596678556,1
-0.436234177,0.325874563,0.213600654,2.764422945,-0.553352539,0.051424579,-0.354704493,0.159335974,-1.230790189,0.361004479,-0.263343286,0
-1.835995502,1.119552471,-0.197443615,0.380674728,0.288965263,0.334387968,-0.520292412,-0.119704095,0.448877056,-0.786438436,-1.198859614,0
1.710993922,-0.278817907,1.665227709,0.320397338,-0.657338891,1.32375929,0.337036661,2.117236596,0.977057313,1.524710287,-0.594218705,0
4.061891053,0.901696917,1.38448525,-1.356412217,1.081699303,0.401145403,1.89278812,1.640868369,-0.711475651,0.665492903,0.152905393,0
-1.138194537,1.396314326,-0.290036731,0.036705939,0.724004373,0.083225709,-0.055459221,-0.254932327,0.01116854,-0.837437787,-1.147752095,1
3.899175784,1.182866511,1.431907497,-1.855961065,-0.938085125,1.041322144,0.133836734,1.161672317,-0.131448987,0.377915249,0.136951772,0
-0.548888391,1.179621171,-0.280232104,1.016310296,0.450229063,0.243168366,-0.932281842,0.006299649,0.551042651,-0.818797643,0.403894502,0
0.127847137,0.640386251,0.298089064,1.807764842,-1.513250506,-2.354413607,0.363334932,-0.038132207,-0.702258296,-0.860495622,0.334233895,0
-1.377273208,0.689725674,0.251845328,1.315057205,-0.576299242,0.06932403,0.073933043,-0.228651595,-1.657326766,-0.420615033,-1.339318124,0
-1.317239902,1.017588026,0.227281539,0.577510014,-0.793445689,0.165227682,-0.194475718,-0.529937546,-1.746836722,-1.268753273,-0.876742346,0
0.692018198,-0.47136993,1.566590103,-0.259393874,2.094037434,-0.100712118,0.291871498,0.054593156,0.134766663,-0.280532857,0.651249097,0
0.945787561,-1.330943845,-1.265724286,0.730998258,-0.213193179,0.114759811,-1.35744385,0.470373524,0.308970665,1.615146516,-0.688048518,0
-0.095670119,-0.674217756,1.837231892,-0.484969182,-0.932080693,-1.953638026,0.015256533,-0.064723569,1.406786984,0.668917709,-1.718512625,1
0.013838757,1.892774334,-0.378661321,-0.35878834,-0.117884774,0.086919788,-0.607015627,-0.617439074,-0.220365102,-0.32992612,-1.476492027,1
-0.672498921,-0.099845315,-0.932293394,-2.528826808,-2.658509801,1.283468388,1.180178746,0.989516897,-2.020906637,0.1046619,0.665428666,0
-1.015806019,-0.96995289,2.198617366,-0.300834661,0.052642607,0.225626987,0.229976781,-0.363042287,-1.519320317,-0.698965693,-0.704965139,0
1.473037523,-0.567355386,-1.404187544,-1.038086889,1.370160753,-0.339643516,-0.218882754,0.05639168,-0.68490106,-0.628151214,0.747191054,0
-0.680054595,1.279319182,-0.268633398,0.755781093,-0.089824788,0.154131817,-0.595270428,-0.128796478,0.213103736,0.602271891,-1.976358947,0
-0.559828,-1.273509708,2.204668139,0.766512049,-0.194783577,0.412694235,-0.584682124,-0.093492845,-0.911998422,-0.680380593,0.795083524,1
1.968406834,-0.9271429,1.226134196,0.943507952,-0.516066089,1.237149645,0.188038988,-1.75809478,1.443729204,1.409291195,-0.60563502,0
-0.355984737,1.208032143,-0.89562724,0.987118432,-0.056920208,0.925880051,1.589165512,-2.00827045,0.925697214,1.204445156,1.297317306,0
-2.500891892,1.546141413,-0.24526953,-0.561559331,-1.09118315,-2.076540489,0.814555442,-0.401610441,1.069340675,0.409455024,0.221318591,1
-2.080742636,1.772677559,-0.428954682,-0.305498074,-0.269535065,0.189859482,0.044734406,-0.545328084,0.09894385,1.47029958,-0.26093665,0
0.095926341,-1.839441641,-0.755015549,0.927547877,-0.153556569,-0.068360278,-0.323645458,0.345766667,-1.740011045,-0.102321415,0.395003938,0
-1.802136517,1.106906589,0.04645453,1.059430425,-0.72887228,0.109415207,0.154065505,-0.44939028,-1.487454627,0.443419663,1.950333172,0
0.271140285,-0.52178879,1.633492226,-0.242974078,1.194953127,0.24227916,-0.543363486,-0.027555202,0.556025629,-0.345824791,0.624310329,0
-1.180085034,-0.23021459,-0.333847438,1.91673457,-1.714255498,2.050844229,2.270364863,-3.343129934,0.097293201,-1.688756532,-0.931323048,1
-0.68056313,-0.397661639,1.686217576,-1.110109299,1.003290014,0.278466631,-0.145916955,-0.256110939,0.296915904,-0.360264716,-0.930756577,0
-2.274050193,1.677207026,-0.279059603,-0.754799772,-1.206087637,-2.076066935,0.765423403,-0.530500408,0.994880495,0.343246265,0.222352451,1
0.0050827,-0.660568694,1.653488163,-0.07977235,1.159970987,0.306718251,-0.569460005,0.027201369,0.697825625,-0.324183959,0.576570378,0
1.538914859,-0.303146357,1.833117637,-0.214730002,-1.861241136,-0.875251491,0.782014516,2.093049884,1.920127484,0.375237196,-0.074089681,1
0.256916534,-1.157330095,2.133235821,0.934703421,0.089663242,0.137957536,-0.184129747,-0.057271601,-1.260753598,0.047554835,0.42497346,0
0.625807015,-1.204901486,-1.301031787,0.035056992,0.973468519,-0.09791234,-0.502490971,0.413160832,-0.055662301,0.221255558,0.168738613,0
0.083346339,-1.840168566,-0.61065183,0.381419833,-1.035433681,-2.392656955,0.417290262,0.351415188,-0.952800554,-1.227848479,0.928621306,1
0.730369157,-1.328521958,1.403177854,0.355462645,-0.011832328,-1.179684888,1.957147149,-1.528638939,2.26719457,-0.98106822,0.631861638,1
-0.500276834,0.949755069,-0.293237136,1.557813319,0.316403228,0.252872609,-0.869894421,0.107784748,0.692712818,-0.082726046,-0.112242489,0
-2.144707335,-0.739686952,-1.355327551,-1.715909809,0.252778066,0.153457072,0.189761649,-0.182383777,-0.142697026,1.087020118,0.291174928,0
2.394662642,2.186343743,-0.392356859,0.63764087,-1.212659437,0.982078626,0.176494897,1.767067262,0.189914974,0.886448468,-0.610042612,0
-0.094763163,1.295422061,-0.349285473,0.89293611,1.073545513,-0.020828157,-0.325082562,-0.000979487,0.183763301,-0.804553081,0.42899665,0
-0.920859774,1.881246022,-0.53880472,0.006606059,0.645613072,-0.060015373,0.211636587,-0.424388556,-0.034910795,0.756202801,1.766222499,0
-0.02741285,0.608351442,0.191617414,2.404152329,-0.86882114,0.062023221,-0.643008759,-0.014291611,-1.358779719,0.275189265,-0.182821888,0
3.387992483,4.170938297,-0.805620794,-2.592685694,-1.207295721,0.551408513,1.006008199,0.473522833,-1.252747384,0.66179584,1.878104726,0
0.836598446,-0.22066567,1.570190171,-0.639512534,1.146085567,0.15654557,-0.530042021,-0.229223207,0.297828787,-0.44129759,0.678202251,0
-0.930341144,1.334185363,0.318220778,0.243268518,-1.72723808,1.268713008,1.069347838,1.574386396,-1.403994414,-1.486390775,-0.791314126,0
1.878976383,-0.833916425,-1.222012283,-0.458001757,-1.120384972,-2.373731655,-0.562701579,0.16772396,0.646947836,0.34680029,-0.051568629,1
-0.152140646,-1.033476958,2.170570044,0.460343381,-0.316118637,0.370578884,-0.678682924,-0.237556373,-1.082467564,-0.748677928,0.855624732,0
-1.314048977,-1.23104475,-1.147121443,-0.964338252,0.221146358,0.323133619,-0.7789315,0.147561632,0.181070471,-0.528663915,-1.019171219,0
1.342399823,-0.872679417,1.732993398,0.776937955,-0.413369799,-2.208314991,0.070656355,0.2821868,1.473868744,1.446545302,-0.600558977,1
-2.697428488,-0.952537234,-1.290352921,-1.470495322,-0.164159637,0.380099952,-0.21411393,-0.116360093,0.227220676,1.103544827,0.23086592,1
-0.106964501,-1.532153767,-1.085749766,-0.127439228,-0.220880257,-2.190304775,-0.058982071,0.541432495,1.161950892,-0.861029984,0.601859436,1
0.725061079,-1.088036652,-1.290889838,-0.11142718,0.678611716,-0.036903175,-0.795942267,0.34219829,-0.039317495,0.183231334,0.214239815,0
0.367300751,-1.25260701,-1.12636511,-0.485934201,-0.367847195,-2.236900276,-0.170418219,0.369893732,0.965662811,-0.942771718,0.670111823,1
2.49346984,-0.256005889,-1.469339745,-0.99099237,-0.346649257,-0.073285147,-1.380728738,-0.327523277,-0.507345539,0.535968565,-0.103575989,0
0.43834731,1.2801847,0.335298911,1.6529269,-0.215504627,-0.821952337,-1.232353461,0.934898384,-2.365747618,0.397214167,-0.115805231,1
1.024249912,1.342152779,-0.379718607,1.656498113,-0.19864215,0.033224937,-1.095867545,-0.003158346,0.301008237,1.260527258,-0.803094731,1
1.135036788,-2.149111032,-1.778013723,1.272950981,-0.72502879,1.667326681,0.901311658,-2.105137943,1.663417319,0.481419019,-0.27340381,0
-0.285591009,0.991502445,-0.169041228,1.004654834,-0.102604401,-2.259435563,0.258080405,0.188346074,1.249394572,-1.155452369,0.468842485,1
-0.943876965,-1.162358979,-1.209233428,-1.029012968,0.855550489,0.072188503,-0.163572876,0.165623761,-0.147493628,-0.502884893,-1.007128538,0
0.308853995,-0.738539926,1.645496073,0.31583084,1.050706092,0.24249401,-0.558217779,0.130019284,0.692377691,0.422135527,0.156891876,0
-0.631661864,-1.010833106,-1.235682304,-1.205479703,0.950533118,-0.018387774,-0.080125974,0.11045072,-0.326077547,-0.522900631,-0.955747944,0
0.982363388,1.539917075,-0.390101135,1.133186009,0.049063727,0.000815991,-0.999634133,-0.125855603,0.139462455,0.51278907,-0.330502271,0
0.393085098,-1.848363901,-1.688118815,-0.037864842,7.557092956,-2.050825951,6.408514216,0.948987061,-2.324625411,0.015931987,-1.365410786,1
-1.985914546,1.432539476,-0.42117994,0.53548168,0.036523592,0.320855927,-0.38530403,-0.257020804,0.632233586,0.811701617,1.63997319,0
-0.072451831,-0.835152049,1.702294346,0.416109573,0.518758105,0.467561013,-1.071744728,0.130814046,1.003622144,0.407088128,0.133063297,1
0.643942091,-0.770434257,1.772586745,0.08391932,-0.099824152,-2.101520721,0.079493433,0.166306413,1.49645158,0.00252654,0.261077148,1
1.494962446,-1.259979598,1.043837576,0.750159273,0.320985461,1.643266021,1.69882047,-2.613214201,1.739508558,-0.0958825,0.208453649,1
-0.24080504,-1.35915233,-1.218891781,-0.067781335,0.782273318,0.153517332,-0.84567012,0.433177871,0.290191858,-0.475862803,0.54759985,0
-2.954154535,1.147152934,0.124406692,0.296578465,-1.025103894,0.212209616,0.43862546,-0.636241112,-1.625375484,0.445337473,0.378363325,0
-1.442079128,1.33277305,-0.240943634,0.099279944,0.237211439,0.279810892,-0.527274003,-0.264067248,0.273221821,-0.855228372,-1.160596343,0
0.606549072,1.229471783,-0.068291706,1.320653819,-1.958607498,-1.055792855,0.915417219,2.35618648,1.802943921,0.031982971,-0.28633608,1
-0.379531312,0.390367243,-0.647502513,1.875940615,0.595608938,1.097302573,1.114222598,-1.497231605,1.387410138,-1.01272035,0.307714738,0
1.640650853,1.516154336,-0.533866736,1.128381308,-1.279284036,1.781311797,1.160178995,0.842512157,1.074645101,0.093406064,-0.249915942,1
1.665578812,2.414081069,-0.35615607,-0.342956791,-1.30084686,0.941105712,0.656194947,1.51526852,-0.207001767,0.867108569,-2.122467841,0
0.715862387,-1.069961165,1.259531256,0.296761171,0.863932655,1.180750713,1.068902943,-1.707636424,1.369405884,-0.632605188,0.591421044,0
2.044977722,0.072869327,-1.341063593,-1.923809905,-0.928719477,1.160403447,-0.039632214,1.676507599,-0.076389254,-1.121654849,0.794201484,0
-1.123264385,-0.928661361,2.224958968,-0.377835223,-0.455662038,0.394313689,-0.238773355,-0.445362476,-1.345370987,-0.751737404,-0.700831592,0
1.645161144,-0.461435284,2.148114206,0.369689418,-1.474613591,1.208846123,0.699924181,1.787285336,-1.129158776,0.39164028,0.164275783,1
-1.557926065,1.041982688,-0.066848902,0.211216929,-0.778933103,-2.023409296,0.188144543,-0.046676464,1.260644052,-1.18675759,-1.103805255,1
1.278228883,0.240412866,1.654007796,-1.223334367,-0.472654154,1.464229942,0.178677175,1.650757786,0.790796615,-0.788034795,0.746029866,0
1.223084256,-0.96283262,-1.308797686,-0.011198368,0.017469047,0.028796832,-1.253672685,0.244084924,-0.002712866,0.819448004,-0.178309534,0
2.822787988,-1.343905256,-2.501983499,0.009164925,8.071451096,-2.173653062,10.12631186,-1.03015785,-3.059124259,3.497197337,-1.11419546,1
0.086532077,-1.042085727,2.126334919,0.506913855,0.385451718,0.120241908,-0.02951958,-0.148609761,-1.367059984,-0.686724763,0.863481142,0
1.214896744,-1.185887921,-1.294799543,0.541052444,-0.242294887,0.075130062,-1.358897899,0.37511285,0.187007635,1.570106399,-0.660365006,0
-0.310757205,-0.312855269,1.619849084,-1.212092518,1.52410897,0.06562015,0.388245995,-0.281783332,6.30E-05,-0.36000626,-0.931261266,0
1.787871952,3.189517434,-0.754006676,-1.36116071,-0.030585319,-0.415295268,-0.192038628,-1.141270295,-1.080787265,1.117400741,1.695440254,0
0.167141414,-2.361721207,-1.106462607,1.160127118,-0.253604704,0.904730681,1.351745537,-1.36213316,-0.922756642,-1.094450117,0.792813971,1
0.31048311,1.288902551,-0.363403778,1.195449386,0.875337278,-0.078694159,-0.392244325,0.054009496,0.149649009,-0.082289576,0.027570063,0
0.8710503,-1.011794753,2.101404426,1.027129976,-0.342119174,0.112054068,-0.439682443,-0.1276897,-1.338089074,0.704633268,0.048834643,0
0.021428356,-0.646961162,1.650519767,-0.102240961,1.125055135,0.315378652,-0.59338129,0.008737615,0.699592147,-0.334314202,0.574709646,0
-2.137145521,-0.071454807,1.563201592,-1.700045368,0.166501195,0.481718167,0.006620937,-0.602126667,0.487304288,1.220720021,0.323674318,0
1.101190082,-1.382584857,1.30715575,1.51037709,-0.545698484,1.411123253,0.127303912,-1.517469098,1.875471006,1.515866695,-0.725301363,0
1.38218932,-0.661446829,-1.349956486,-0.684572208,0.233183226,-0.024424188,-1.141193511,0.026015163,-0.247686515,0.02408441,0.295563502,0
1.320775974,-0.903372335,-1.326532854,-0.105780844,-0.063009705,0.040619653,-1.291261561,0.171912554,-0.025058279,0.781248537,-0.185512688,0
-1.678695488,2.103336039,-0.207654373,-1.225510662,-2.133327501,-1.01418646,2.043543744,1.515676848,1.234122391,0.099812604,0.336404555,1
